country,1959,1960,1961,1962,1963,1964,1965,1966,1967,1968,1969,1970,1971,1972,1973,1974,1975,1976,1977,1978,1979,1980,1981,1982,1983,1984,1985,1986,1987,1988,1989,1990,1991,1992,1993,1994,1995,1996,1997,1998,1999,2000,2001,2002,2003,2004,2005,2006,2007,2008,2009,2010,2011,2012,2013,2014,2015,2016,2017,2018,2019
Aruba,27.5k,28.1k,28.5k,28.8k,28.9k,29.1k,29.2k,29.4k,29.6k,29.7k,29.9k,30.1k,30.3k,30.5k,30.6k,30.7k,30.6k,30.5k,30.4k,30.3k,30.3k,30.6k,30.9k,31.4k,31.7k,31.8k,31.6k,31.1k,30.8k,30.7k,31.3k,32.5k,34.1k,35.9k,37.7k,39.2k,40.2k,41k,41.5k,41.9k,42.5k,43k,43.7k,44.2k,44.7k,44.9k,44.9k,44.7k,44.4k,44.1k,43.8k,43.8k,44.1k,44.4k,44.7k,45k,45.3k,45.6k,45.9k,46.3k,46.7k
Afghanistan,756k,796k,839k,885k,934k,986k,1.04M,1.1M,1.16M,1.23M,1.3M,1.38M,1.46M,1.55M,1.64M,1.73M,1.82M,1.91M,2M,2.07M,2.14M,2.18M,2.21M,2.23M,2.24M,2.27M,2.31M,2.36M,2.44M,2.5M,2.63M,2.83M,3.09M,3.39M,3.68M,3.92M,4.09M,4.22M,4.32M,4.43M,4.59M,4.79M,5.03M,5.29M,5.56M,5.82M,6.06M,6.26M,6.46M,6.68M,6.93M,7.21M,7.53M,7.87M,8.2M,8.54M,8.85M,9.16M,9.48M,9.8M,10.1M
Angola,569k,597k,628k,660k,692k,722k,750k,776k,804k,838k,881k,944k,1.03M,1.12M,1.23M,1.34M,1.46M,1.59M,1.72M,1.87M,2.03M,2.2M,2.38M,2.58M,2.79M,3.02M,3.27M,3.53M,3.8M,4.09M,4.4M,4.73M,5.07M,5.43M,5.81M,6.16M,6.53M,6.92M,7.33M,7.76M,8.21M,8.69M,9.19M,9.72M,10.3M,10.9M,11.4M,12M,12.6M,13.3M,14M,14.7M,15.4M,16.1M,16.9M,17.7M,18.5M,19.3M,20.2M,21.1M,22M
Albania,494k,514k,531k,548k,565k,582k,599k,617k,636k,657k,678k,699k,721k,742k,764k,787k,809k,832k,855k,877k,902k,928k,955k,983k,1.01M,1.04M,1.07M,1.1M,1.13M,1.17M,1.2M,1.2M,1.21M,1.22M,1.23M,1.24M,1.25M,1.26M,1.27M,1.28M,1.29M,1.3M,1.33M,1.35M,1.38M,1.41M,1.43M,1.45M,1.47M,1.5M,1.52M,1.55M,1.58M,1.6M,1.63M,1.65M,1.68M,1.71M,1.73M,1.75M,1.76M
Andorra,7840,8770,9760,10.8k,11.9k,13.1k,14.3k,15.5k,16.8k,18.1k,19.5k,20.9k,22.4k,23.9k,25.4k,26.8k,28.1k,29.3k,30.5k,31.8k,33.2k,34.8k,36.6k,38.4k,40.4k,42.4k,44.3k,46.1k,47.9k,49.8k,51.6k,53.6k,55.5k,57.4k,58.8k,59.8k,60.1k,59.9k,59.6k,59.6k,60.4k,62k,64.2k,66.7k,69.2k,71.2k,72.7k,73.8k,74.6k,75.1k,75k,74.3k,73.1k,71.5k,70.1k,68.9k,68.2k,67.9k,67.8k,67.9k,67.9k
United Arab Emirates,67.9k,75k,84.4k,95.2k,106k,116k,126k,135k,146k,162k,187k,221k,264k,315k,373k,438k,510k,589k,671k,750k,823k,885k,937k,986k,1.04M,1.09M,1.15M,1.22M,1.29M,1.37M,1.45M,1.53M,1.62M,1.71M,1.8M,1.89M,1.99M,2.11M,2.23M,2.37M,2.51M,2.66M,2.82M,3.02M,3.33M,3.77M,4.38M,5.12M,5.91M,6.63M,7.19M,7.55M,7.75M,7.82M,7.87M,7.94M,8.05M,8.18M,8.33M,8.48M,8.61M
Argentina,15.1M,15.4M,15.8M,16.2M,16.6M,16.9M,17.3M,17.7M,18M,18.4M,18.8M,19.2M,19.7M,20.1M,20.5M,20.9M,21.4M,21.8M,22.2M,22.7M,23.1M,23.6M,24.1M,24.6M,25.2M,25.7M,26.2M,26.8M,27.3M,27.8M,28.4M,28.9M,29.4M,29.8M,30.3M,30.7M,31.1M,31.6M,32M,32.4M,32.9M,33.3M,33.7M,34.2M,34.6M,35M,35.4M,35.9M,36.3M,36.7M,37.1M,37.5M,38M,38.5M,39M,39.5M,39.9M,40.4M,40.9M,41.3M,41.8M
Armenia,961k,1.01M,1.07M,1.12M,1.17M,1.23M,1.29M,1.34M,1.4M,1.45M,1.51M,1.57M,1.63M,1.69M,1.75M,1.8M,1.86M,1.91M,1.96M,2.01M,2.05M,2.09M,2.12M,2.16M,2.2M,2.24M,2.28M,2.33M,2.37M,2.39M,2.39M,2.35M,2.3M,2.24M,2.18M,2.13M,2.08M,2.05M,2.03M,2.01M,1.98M,1.96M,1.95M,1.94M,1.92M,1.91M,1.89M,1.87M,1.85M,1.84M,1.83M,1.82M,1.82M,1.83M,1.84M,1.85M,1.85M,1.86M,1.86M,1.87M,1.88M
American Samoa,13.3k,13.7k,14.2k,14.9k,15.5k,16.2k,16.8k,17.5k,18.1k,18.7k,19.3k,19.8k,20.3k,20.8k,21.3k,21.7k,22.2k,22.5k,23k,23.5k,24.3k,25.3k,26.5k,27.8k,29.3k,30.7k,32.2k,33.8k,35.3k,36.8k,38.3k,39.9k,41.3k,42.7k,44k,45.3k,46.6k,47.9k,49.1k,50.3k,51.2k,51.8k,52.2k,52.5k,52.6k,52.5k,52k,51.3k,50.5k,49.7k,49.1k,48.8k,48.7k,48.7k,48.7k,48.7k,48.6k,48.5k,48.3k,48.2k,48.1k
Antigua and Barbuda,21.5k,21.5k,21.5k,21.4k,21.4k,21.5k,21.6k,21.7k,21.8k,21.8k,21.7k,21.8k,21.8k,21.7k,21.5k,21.4k,21.4k,21.4k,21.4k,21.4k,21.4k,21.4k,21.5k,21.5k,21.6k,21.6k,21.7k,21.7k,21.8k,21.9k,22.2k,22.5k,22.6k,22.8k,23.1k,23.3k,23.6k,23.8k,24.1k,24.3k,24.4k,24.5k,24.3k,24.2k,24k,23.8k,23.7k,23.5k,23.4k,23.3k,23.1k,22.9k,23.1k,23.2k,23.3k,23.4k,23.5k,23.6k,23.7k,23.8k,23.9k
Australia,8.38M,8.59M,8.83M,9.03M,9.25M,9.46M,9.71M,9.85M,10M,10.3M,10.5M,10.9M,11.1M,11.3M,11.6M,11.8M,11.9M,12.1M,12.2M,12.4M,12.6M,12.8M,13M,13.2M,13.3M,13.5M,13.7M,13.9M,14.1M,14.4M,14.6M,14.8M,14.9M,15M,15.2M,15.3M,15.5M,15.7M,15.8M,16M,16.1M,16.3M,16.6M,16.8M,17M,17.3M,17.5M,17.7M,18M,18.5M,18.8M,19.1M,19.4M,19.8M,20.1M,20.4M,20.8M,21.1M,21.5M,21.8M,22.2M
Austria,4.56M,4.59M,4.62M,4.66M,4.69M,4.73M,4.76M,4.8M,4.83M,4.85M,4.87M,4.9M,4.93M,4.96M,4.96M,4.95M,4.94M,4.95M,4.94M,4.94M,4.94M,4.95M,4.93M,4.9M,4.88M,4.86M,4.85M,4.83M,4.82M,4.82M,4.83M,4.86M,4.89M,4.91M,4.91M,4.9M,4.88M,4.86M,4.85M,4.83M,4.82M,4.82M,4.82M,4.82M,4.83M,4.84M,4.84M,4.83M,4.82M,4.81M,4.8M,4.79M,4.82M,4.86M,4.92M,4.99M,5.06M,5.11M,5.15M,5.2M,5.24M
Azerbaijan,2.05M,2.11M,2.17M,2.23M,2.29M,2.35M,2.4M,2.45M,2.49M,2.53M,2.59M,2.67M,2.74M,2.82M,2.88M,2.94M,3.01M,3.07M,3.13M,3.19M,3.25M,3.31M,3.37M,3.43M,3.5M,3.57M,3.64M,3.72M,3.79M,3.85M,3.86M,3.89M,3.92M,3.96M,3.99M,4.01M,4.03M,4.04M,4.06M,4.09M,4.14M,4.18M,4.23M,4.28M,4.34M,4.4M,4.46M,4.53M,4.64M,4.76M,4.84M,4.92M,5.01M,5.1M,5.19M,5.28M,5.37M,5.45M,5.53M,5.62M,5.69M
Burundi,58.1k,60.3k,62.6k,65k,67.6k,71k,75.9k,81.4k,87.1k,93.1k,99k,105k,111k,117k,123k,130k,139k,148k,158k,169k,180k,192k,205k,218k,233k,248k,265k,283k,301k,321k,341k,359k,377k,396k,414k,432k,449k,466k,484k,504k,526k,552k,582k,615k,652k,690k,732k,776k,822k,871k,923k,978k,1.03M,1.1M,1.16M,1.23M,1.3M,1.38M,1.46M,1.54M,1.63M
Belgium,8.46M,8.5M,8.55M,8.62M,8.72M,8.81M,8.89M,8.95M,9M,9.04M,9.06M,9.09M,9.14M,9.18M,9.22M,9.26M,9.29M,9.32M,9.35M,9.38M,9.4M,9.42M,9.43M,9.44M,9.44M,9.46M,9.47M,9.49M,9.53M,9.57M,9.61M,9.65M,9.7M,9.74M,9.78M,9.81M,9.84M,9.87M,9.9M,9.93M,9.96M,10M,10M,10.1M,10.1M,10.2M,10.3M,10.4M,10.4M,10.5M,10.6M,10.8M,10.9M,10.9M,11M,11M,11.1M,11.1M,11.2M,11.3M,11.3M
Benin,226k,243k,262k,283k,305k,330k,356k,385k,416k,450k,486k,525k,568k,613k,662k,715k,772k,834k,900k,965k,1.02M,1.07M,1.13M,1.19M,1.25M,1.32M,1.39M,1.46M,1.54M,1.63M,1.72M,1.82M,1.91M,2M,2.08M,2.17M,2.26M,2.35M,2.44M,2.53M,2.63M,2.74M,2.85M,2.97M,3.1M,3.24M,3.37M,3.51M,3.66M,3.81M,3.96M,4.13M,4.29M,4.47M,4.65M,4.83M,5.03M,5.23M,5.43M,5.65M,5.87M
Burkina Faso,227k,235k,243k,251k,260k,269k,279k,289k,300k,311k,323k,335k,348k,362k,376k,391k,418k,458k,501k,548k,601k,659k,722k,793k,869k,953k,1.02M,1.06M,1.11M,1.16M,1.22M,1.27M,1.33M,1.39M,1.46M,1.53M,1.6M,1.69M,1.81M,1.94M,2.07M,2.21M,2.37M,2.53M,2.7M,2.89M,3.09M,3.28M,3.46M,3.65M,3.84M,4.05M,4.27M,4.5M,4.74M,4.99M,5.25M,5.52M,5.8M,6.09M,6.4M
Bangladesh,2.47M,2.61M,2.79M,2.99M,3.21M,3.44M,3.7M,3.97M,4.27M,4.57M,4.88M,5.18M,5.48M,5.79M,6.21M,6.89M,7.67M,8.54M,9.53M,10.6M,11.8M,12.9M,13.6M,14.3M,15.1M,15.9M,16.7M,17.6M,18.5M,19.5M,20.4M,21.4M,22.3M,23.1M,24M,25M,26M,27M,28M,29M,30.1M,31.3M,32.8M,34.3M,35.8M,37.3M,38.8M,40.3M,41.8M,43.4M,45M,46.6M,48.3M,50M,51.8M,53.6M,55.4M,57.3M,59.1M,61M,62.9M
Bulgaria,2.92M,3.08M,3.24M,3.41M,3.58M,3.75M,3.9M,4.03M,4.17M,4.3M,4.44M,4.56M,4.67M,4.78M,4.91M,5.02M,5.13M,5.23M,5.32M,5.4M,5.5M,5.57M,5.63M,5.69M,5.74M,5.79M,5.82M,5.86M,5.9M,5.86M,5.79M,5.76M,5.73M,5.7M,5.7M,5.7M,5.69M,5.67M,5.65M,5.64M,5.63M,5.54M,5.45M,5.43M,5.42M,5.41M,5.39M,5.38M,5.37M,5.36M,5.35M,5.34M,5.33M,5.33M,5.32M,5.31M,5.3M,5.28M,5.27M,5.26M,5.25M
Bahrain,134k,138k,143k,147k,151k,155k,159k,163k,167k,172k,178k,185k,193k,202k,213k,226k,242k,259k,277k,294k,310k,323k,334k,344k,354k,366k,379k,393k,408k,423k,437k,450k,462k,474k,486k,498k,511k,526k,542k,563k,587k,616k,650k,688k,734k,786k,848k,917k,987k,1.05M,1.1M,1.13M,1.15M,1.17M,1.19M,1.22M,1.27M,1.33M,1.4M,1.47M,1.52M
Bahamas,65.4k,69.6k,74.1k,78.9k,83.8k,88.7k,93.7k,98.8k,104k,109k,113k,117k,121k,125k,128k,132k,136k,140k,145k,149k,154k,159k,164k,169k,175k,180k,185k,190k,195k,200k,205k,209k,214k,218k,223k,227k,231k,234k,237k,241k,244k,248k,253k,257k,262k,267k,272k,278k,283k,288k,293k,297k,300k,303k,306k,310k,313k,317k,320k,324k,327k
Bosnia and Herzegovina,614k,647k,685k,725k,766k,807k,848k,890k,933k,977k,1.02M,1.07M,1.11M,1.16M,1.2M,1.25M,1.29M,1.34M,1.39M,1.43M,1.49M,1.53M,1.56M,1.59M,1.62M,1.65M,1.68M,1.71M,1.74M,1.75M,1.75M,1.73M,1.69M,1.64M,1.59M,1.56M,1.55M,1.55M,1.56M,1.57M,1.59M,1.6M,1.62M,1.63M,1.64M,1.66M,1.67M,1.68M,1.69M,1.69M,1.69M,1.68M,1.67M,1.65M,1.63M,1.62M,1.61M,1.6M,1.6M,1.61M,1.61M
Belarus,2.66M,2.77M,2.9M,3.02M,3.15M,3.28M,3.42M,3.55M,3.69M,3.83M,3.98M,4.13M,4.29M,4.45M,4.6M,4.74M,4.88M,5.02M,5.17M,5.31M,5.45M,5.59M,5.73M,5.88M,6.03M,6.17M,6.31M,6.46M,6.58M,6.67M,6.72M,6.77M,6.82M,6.88M,6.91M,6.92M,6.94M,6.95M,6.96M,6.97M,6.98M,7M,7M,7M,6.99M,6.99M,6.99M,7.01M,7.02M,7.05M,7.08M,7.11M,7.15M,7.2M,7.25M,7.3M,7.35M,7.39M,7.42M,7.45M,7.46M
Belize,49.7k,50.9k,52k,53.2k,54.4k,55.7k,57k,58.5k,59.8k,61.1k,62.3k,63.4k,64.4k,65.3k,66.1k,66.9k,67.6k,68.3k,69.1k,70k,71.2k,72.6k,74.2k,76k,77.9k,79.9k,81.8k,83.7k,85.7k,87.4k,89k,90.4k,91.4k,92.6k,94.1k,96.1k,98.7k,102k,105k,109k,112k,116k,119k,122k,125k,129k,132k,135k,139k,142k,146k,149k,153k,157k,160k,164k,168k,171k,175k,179k,183k
Bermuda,44.4k,45.5k,46.6k,47.7k,48.9k,50.1k,51k,52k,53k,54k,55k,54.6k,54.2k,53.8k,53.4k,53k,53.2k,53.4k,53.6k,53.8k,54.7k,55k,55.4k,55.9k,56.4k,56.9k,57.4k,57.8k,58.3k,58.8k,59.3k,59k,58.6k,58.9k,59.3k,59.7k,60.1k,60.5k,60.9k,61.3k,61.8k,62.5k,62.9k,63.3k,63.7k,64.2k,64.5k,64.9k,65.3k,65.6k,65.1k,64.6k,64.8k,65k,65.1k,65.2k,64.6k,63.9k,63.9k,63.9k,63.9k
Bolivia,1.34M,1.38M,1.42M,1.46M,1.5M,1.55M,1.59M,1.64M,1.68M,1.73M,1.78M,1.84M,1.89M,1.95M,2.01M,2.07M,2.13M,2.22M,2.32M,2.43M,2.54M,2.65M,2.76M,2.88M,3M,3.12M,3.25M,3.39M,3.52M,3.67M,3.82M,3.97M,4.12M,4.25M,4.38M,4.51M,4.64M,4.78M,4.92M,5.06M,5.2M,5.35M,5.49M,5.63M,5.78M,5.92M,6.07M,6.22M,6.37M,6.52M,6.68M,6.83M,6.99M,7.14M,7.29M,7.43M,7.58M,7.73M,7.88M,8.03M,8.19M
Brazil,33.3M,35M,36.8M,38.7M,40.6M,42.6M,44.6M,46.7M,48.8M,51M,53.2M,55.5M,57.8M,60.2M,62.6M,65.2M,67.8M,70.5M,73.2M,76.1M,79M,82M,85.1M,88.2M,91.4M,94.5M,97.6M,101M,104M,107M,110M,113M,116M,119M,123M,126M,129M,132M,135M,139M,142M,145M,147M,149M,152M,154M,156M,159M,161M,163M,165M,167M,169M,171M,173M,175M,177M,179M,181M,183M,185M
Barbados,84.9k,85.4k,85.9k,86.4k,87k,87.4k,87.9k,88.2k,88.6k,89.1k,89.7k,90.8k,91.9k,93.2k,94.4k,95.6k,96.8k,98k,99.2k,100k,101k,101k,100k,100k,99.7k,99.3k,98.9k,98.5k,98.2k,97.9k,97.5k,96.9k,96.3k,95.7k,95.2k,94.6k,94k,93.5k,92.9k,92.4k,91.8k,91.6k,91.4k,91.2k,90.9k,90.7k,90.6k,90.4k,90.3k,90.1k,89.9k,89.7k,89.5k,89.4k,89.2k,89.2k,89.1k,89.2k,89.3k,89.4k,89.6k
Brunei,35.5k,38.7k,42.1k,45.8k,49.7k,53.9k,58.4k,63.3k,68.5k,74k,79.9k,86k,90.5k,94.9k,99.3k,104k,108k,113k,117k,122k,126k,130k,134k,139k,143k,147k,152k,157k,162k,167k,172k,177k,184k,190k,197k,204k,211k,217k,224k,231k,237k,244k,250k,256k,262k,267k,272k,277k,282k,286k,291k,296k,302k,307k,313k,318k,323k,328k,333k,338k,342k
Bhutan,8030,8680,9380,10.1k,11k,11.9k,12.9k,14.1k,15.3k,16.6k,18.1k,19.7k,21.4k,23.2k,25.3k,27.4k,29.8k,32.4k,35.1k,38.1k,41.2k,44.5k,48k,51.7k,55.7k,60.1k,65k,70.4k,76.1k,81.7k,87k,91.7k,96k,100k,105k,110k,116k,124k,132k,141k,150k,160k,170k,180k,191k,201k,208k,216k,223k,231k,239k,247k,255k,264k,273k,282k,290k,299k,309k,318k,327k
Botswana,15.4k,15.9k,16.4k,17k,18.2k,21.5k,25.4k,29.9k,35.3k,41.6k,49.2k,58.2k,64.7k,71.6k,79.4k,88.1k,97.8k,109k,121k,134k,148k,163k,188k,216k,249k,286k,328k,374k,426k,481k,540k,601k,633k,662k,690k,720k,750k,781k,812k,843k,875k,905k,930k,954k,980k,1.01M,1.04M,1.09M,1.14M,1.19M,1.24M,1.29M,1.32M,1.35M,1.39M,1.42M,1.47M,1.51M,1.57M,1.62M,1.67M
Central African Republic,302k,317k,332k,349k,367k,386k,406k,427k,450k,474k,498k,522k,546k,571k,597k,626k,651k,671k,694k,718k,745k,774k,806k,840k,872k,903k,932k,958k,985k,1.01M,1.03M,1.06M,1.09M,1.13M,1.16M,1.2M,1.23M,1.27M,1.3M,1.34M,1.37M,1.4M,1.44M,1.47M,1.5M,1.54M,1.57M,1.61M,1.65M,1.68M,1.71M,1.73M,1.75M,1.76M,1.78M,1.81M,1.84M,1.88M,1.93M,1.98M,2.04M
Canada,12.4M,12.7M,13.1M,13.5M,13.9M,14.3M,14.8M,15.1M,15.5M,15.8M,16.1M,16.7M,16.9M,17.1M,17.3M,17.5M,17.7M,17.9M,18.1M,18.3M,18.5M,18.8M,19.1M,19.3M,19.5M,19.7M,20M,20.2M,20.5M,20.9M,21.2M,21.5M,21.8M,22.1M,22.5M,22.8M,23.1M,23.4M,23.7M,24M,24.4M,24.8M,25.1M,25.3M,25.6M,25.8M,26.1M,26.4M,26.8M,27.2M,27.5M,27.8M,28.2M,28.5M,28.8M,29M,29.4M,29.7M,30.2M,30.6M,31M
Channel Islands,42.3k,42.4k,42.5k,42.7k,42.8k,43k,43.1k,43.3k,43.5k,43.6k,43.7k,43.8k,43.8k,43.6k,43.5k,43.2k,42.9k,42.5k,42k,41.6k,41.3k,41.2k,41.4k,41.8k,42.2k,42.6k,43k,43.4k,43.7k,44k,44.2k,44.2k,44.1k,44k,43.9k,43.8k,43.9k,44.2k,44.6k,44.9k,45.2k,45.5k,45.7k,46k,46.2k,46.6k,47.1k,47.7k,48.4k,49k,49.6k,50.1k,50.3k,50.6k,50.9k,51.2k,51.6k,52.1k,52.7k,53.3k,53.8k
Switzerland,3.78M,3.87M,3.99M,4.09M,4.18M,4.24M,4.3M,4.37M,4.45M,4.51M,4.56M,4.6M,4.64M,4.67M,4.7M,4.7M,4.68M,4.67M,4.67M,4.68M,4.71M,4.73M,4.76M,4.77M,4.79M,4.8M,4.82M,4.85M,4.88M,4.92M,4.96M,5.02M,5.08M,5.12M,5.15M,5.19M,5.2M,5.21M,5.23M,5.25M,5.27M,5.3M,5.35M,5.39M,5.43M,5.46M,5.5M,5.55M,5.63M,5.7M,5.76M,5.83M,5.89M,5.96M,6.03M,6.11M,6.17M,6.23M,6.28M,6.33M,6.38M
Chile,5.52M,5.7M,5.89M,6.07M,6.26M,6.45M,6.63M,6.81M,6.99M,7.18M,7.36M,7.54M,7.73M,7.92M,8.11M,8.3M,8.5M,8.69M,8.89M,9.08M,9.28M,9.47M,9.66M,9.81M,9.96M,10.1M,10.3M,10.5M,10.7M,10.9M,11.1M,11.3M,11.5M,11.7M,11.9M,12.2M,12.4M,12.6M,12.8M,13M,13.2M,13.4M,13.6M,13.7M,13.9M,14M,14.2M,14.4M,14.5M,14.7M,14.9M,15M,15.2M,15.3M,15.5M,15.7M,15.9M,16.2M,16.4M,16.6M,16.8M
China,108M,110M,115M,121M,128M,129M,132M,134M,137M,140M,142M,145M,148M,152M,156M,159M,162M,165M,171M,180M,190M,200M,211M,220M,230M,240M,251M,263M,275M,288M,300M,314M,329M,343M,358M,373M,389M,404M,421M,437M,453M,472M,492M,512M,533M,554M,575M,596M,616M,637M,658M,679M,701M,723M,744M,766M,787M,809M,830M,849M,867M
Cote d'Ivoire,619k,687k,762k,845k,937k,1.04M,1.1M,1.18M,1.26M,1.34M,1.44M,1.54M,1.66M,1.78M,1.92M,2.07M,2.26M,2.46M,2.68M,2.81M,2.96M,3.11M,3.27M,3.43M,3.59M,3.76M,3.93M,4.1M,4.28M,4.48M,4.69M,4.91M,5.14M,5.37M,5.61M,5.85M,6.1M,6.35M,6.6M,6.85M,7.1M,7.34M,7.58M,7.81M,8.05M,8.3M,8.56M,8.83M,9.11M,9.41M,9.72M,10M,10.4M,10.7M,11.1M,11.5M,11.9M,12.3M,12.7M,13.2M,13.6M
Cameroon,722k,766k,813k,863k,917k,975k,1.04M,1.1M,1.17M,1.24M,1.32M,1.44M,1.57M,1.72M,1.87M,2.03M,2.2M,2.32M,2.46M,2.6M,2.75M,2.91M,3.08M,3.26M,3.45M,3.65M,3.86M,4.07M,4.27M,4.47M,4.67M,4.88M,5.1M,5.33M,5.56M,5.79M,6.03M,6.28M,6.53M,6.79M,7.07M,7.35M,7.65M,7.95M,8.27M,8.61M,8.96M,9.32M,9.69M,10.1M,10.5M,10.9M,11.3M,11.8M,12.2M,12.7M,13.2M,13.7M,14.2M,14.7M,15.3M
"Congo, Dem. Rep.",3.4M,3.52M,3.65M,3.78M,3.92M,4.07M,4.23M,4.39M,4.56M,4.74M,4.92M,5.11M,5.3M,5.49M,5.7M,5.91M,6.14M,6.38M,6.63M,6.88M,7.14M,7.39M,7.65M,7.91M,8.18M,8.52M,8.88M,9.25M,9.66M,10.1M,10.6M,11.2M,11.8M,12.4M,13M,13.7M,14.2M,14.8M,15.3M,15.9M,16.5M,17.2M,18M,18.8M,19.6M,20.5M,21.5M,22.5M,23.5M,24.7M,25.8M,27.1M,28.4M,29.7M,31.1M,32.6M,34.1M,35.7M,37.4M,39.1M,40.9M
"Congo, Rep.",322k,337k,353k,370k,389k,408k,428k,449k,471k,494k,519k,545k,573k,601k,632k,665k,699k,735k,772k,810k,851k,893k,937k,983k,1.03M,1.07M,1.11M,1.15M,1.19M,1.24M,1.28M,1.33M,1.37M,1.42M,1.47M,1.53M,1.58M,1.64M,1.71M,1.77M,1.84M,1.9M,1.97M,2.05M,2.12M,2.21M,2.3M,2.4M,2.5M,2.6M,2.7M,2.8M,2.89M,2.99M,3.08M,3.18M,3.29M,3.4M,3.51M,3.63M,3.74M
Colombia,7.43M,7.9M,8.4M,8.92M,9.46M,9.89M,10.3M,10.8M,11.2M,11.7M,12.2M,12.6M,13.1M,13.6M,14M,14.5M,15M,15.5M,16.1M,16.6M,17.1M,17.7M,18.3M,18.9M,19.5M,20.1M,20.7M,21.2M,21.8M,22.4M,23M,23.6M,24.2M,24.9M,25.5M,26.1M,26.8M,27.4M,28M,28.7M,29.3M,29.9M,30.6M,31.2M,31.8M,32.4M,33M,33.6M,34.2M,34.7M,35.3M,35.8M,36.3M,36.8M,37.3M,37.9M,38.6M,39.3M,40.1M,40.8M,41.4M
Comoros,24k,25.9k,28k,30.2k,32.6k,35.2k,38.1k,39.6k,41.2k,42.9k,44.6k,46.3k,48.1k,50k,52.2k,54.6k,57.5k,60.7k,64.2k,67.8k,71.5k,75.1k,78.8k,82.5k,86.4k,90.5k,94.9k,99.5k,104k,109k,115k,120k,124k,128k,131k,135k,138k,142k,145k,149k,152k,156k,159k,163k,167k,170k,175k,179k,183k,188k,193k,198k,204k,209k,215k,221k,228k,234k,241k,248k,255k
Cape Verde,33.7k,34.8k,36.2k,37.8k,39.7k,41.6k,43.8k,46.2k,48.6k,50.7k,52.5k,54k,55.1k,56k,56.8k,57.9k,59.2k,60.7k,62.5k,64.4k,66.8k,72.2k,78.1k,84.5k,91.2k,98.2k,107k,117k,127k,137k,149k,156k,164k,172k,180k,188k,197k,205k,213k,221k,229k,237k,244k,252k,260k,267k,275k,282k,289k,297k,305k,311k,317k,324k,331k,337k,344k,351k,357k,364k,371k
Costa Rica,456k,474k,493k,514k,542k,570k,599k,628k,657k,687k,717k,748k,779k,810k,837k,866k,896k,927k,960k,994k,1.03M,1.07M,1.11M,1.14M,1.19M,1.24M,1.3M,1.36M,1.43M,1.49M,1.56M,1.63M,1.7M,1.78M,1.86M,1.93M,2.01M,2.1M,2.18M,2.26M,2.34M,2.44M,2.53M,2.63M,2.72M,2.81M,2.91M,3M,3.1M,3.19M,3.28M,3.38M,3.47M,3.56M,3.64M,3.73M,3.81M,3.89M,3.97M,4.04M,4.11M
Cuba,4.17M,4.27M,4.38M,4.49M,4.61M,4.72M,4.83M,4.94M,5.04M,5.14M,5.25M,5.41M,5.58M,5.75M,5.91M,6.07M,6.21M,6.35M,6.47M,6.59M,6.71M,6.82M,6.9M,6.98M,7.07M,7.16M,7.27M,7.4M,7.53M,7.66M,7.77M,7.86M,7.93M,7.98M,8.03M,8.09M,8.14M,8.2M,8.26M,8.32M,8.38M,8.44M,8.49M,8.53M,8.55M,8.57M,8.58M,8.59M,8.59M,8.59M,8.6M,8.62M,8.64M,8.67M,8.69M,8.71M,8.72M,8.73M,8.73M,8.74M,8.74M
Cayman Islands,7870,8020,8140,8220,8300,8370,8440,8520,8640,8830,9140,9590,10.1k,10.8k,11.5k,12.2k,13k,13.8k,14.7k,15.5k,16.2k,16.9k,17.4k,18k,18.7k,19.5k,20.4k,21.5k,22.8k,24k,25.3k,26.5k,27.8k,29.1k,30.5k,32.2k,34.1k,36.2k,38.3k,40.4k,42.3k,43.9k,45.3k,46.6k,47.9k,49.3k,50.7k,52.3k,53.8k,55.3k,56.7k,57.9k,59k,59.9k,60.8k,61.7k,62.6k,63.4k,64.2k,64.9k,65.7k
Cyprus,204k,209k,212k,215k,218k,222k,227k,232k,238k,244k,250k,256k,263k,272k,289k,307k,326k,345k,364k,383k,402k,419k,436k,443k,448k,455k,464k,474k,486k,498k,512k,526k,541k,555k,569k,582k,595k,609k,622k,635k,648k,660k,671k,681k,691k,702k,712k,723k,734k,743k,752k,758k,763k,768k,772k,777k,783k,788k,795k,801k,807k
Czech Republic,5.72M,5.76M,5.83M,5.9M,5.99M,6.06M,6.14M,6.21M,6.27M,6.33M,6.35M,6.42M,6.56M,6.71M,6.87M,7.03M,7.19M,7.34M,7.49M,7.63M,7.75M,7.77M,7.78M,7.79M,7.79M,7.79M,7.79M,7.79M,7.8M,7.8M,7.77M,7.75M,7.74M,7.74M,7.73M,7.71M,7.69M,7.66M,7.64M,7.62M,7.59M,7.55M,7.53M,7.52M,7.51M,7.52M,7.53M,7.57M,7.62M,7.66M,7.67M,7.68M,7.69M,7.71M,7.72M,7.75M,7.77M,7.81M,7.84M,7.89M,7.92M
Germany,52M,52.6M,53.1M,53.7M,54.1M,54.7M,55.2M,55.5M,55.8M,56.3M,56.5M,56.6M,57M,57.2M,57.3M,57.1M,56.9M,56.8M,56.8M,56.9M,57M,57.2M,57.3M,57.1M,56.8M,56.5M,56.4M,56.7M,57M,57.5M,58.1M,58.6M,59.1M,59.6M,60M,60.4M,60.7M,61M,61.2M,61.4M,61.6M,61.9M,62.2M,62.4M,62.5M,62.7M,62.8M,62.8M,62.9M,62.9M,62.9M,61.9M,62.1M,62.2M,62.5M,63.1M,63.6M,63.9M,64.1M,64.3M,64.4M
Djibouti,42.1k,45.5k,49.6k,54.1k,59.1k,64.5k,70.4k,76.7k,83.6k,90.9k,98.6k,106k,115k,124k,136k,151k,169k,192k,216k,239k,259k,274k,285k,293k,303k,319k,341k,369k,400k,427k,448k,462k,468k,471k,475k,481k,491k,505k,520k,535k,549k,561k,572k,582k,592k,601k,610k,619k,628k,637k,647k,658k,670k,682k,695k,708k,720k,733k,746k,759k,771k
Dominica,22.7k,23.1k,23.5k,23.9k,24.4k,24.8k,25.4k,25.9k,26.5k,27k,27.5k,28.2k,28.9k,29.5k,30.1k,30.8k,31.6k,32.5k,33.5k,34.4k,35.2k,36k,37.1k,38.2k,39.1k,40.1k,40.9k,41.8k,42.6k,43.5k,44.4k,45.4k,45.6k,45.8k,46k,46.1k,46k,45.9k,45.7k,45.5k,45.5k,45.6k,45.9k,46.3k,46.7k,47k,47.3k,47.6k,47.8k,48k,48.3k,48.5k,48.7k,49k,49.3k,49.5k,49.8k,50.2k,50.5k,50.8k,51.2k
Denmark,3.37M,3.43M,3.49M,3.55M,3.61M,3.67M,3.72M,3.78M,3.83M,3.88M,3.93M,3.98M,4.03M,4.08M,4.12M,4.16M,4.19M,4.22M,4.25M,4.27M,4.29M,4.3M,4.3M,4.3M,4.31M,4.31M,4.32M,4.34M,4.34M,4.35M,4.36M,4.37M,4.39M,4.41M,4.42M,4.45M,4.47M,4.49M,4.51M,4.53M,4.54M,4.56M,4.58M,4.6M,4.62M,4.65M,4.68M,4.71M,4.75M,4.79M,4.82M,4.84M,4.87M,4.9M,4.93M,4.97M,5.02M,5.06M,5.09M,5.12M,5.14M
Dominican Republic,995k,1.06M,1.13M,1.2M,1.28M,1.36M,1.44M,1.53M,1.62M,1.71M,1.81M,1.91M,2.02M,2.13M,2.24M,2.35M,2.47M,2.59M,2.72M,2.85M,2.98M,3.11M,3.22M,3.31M,3.39M,3.48M,3.57M,3.66M,3.75M,3.85M,3.94M,4.03M,4.13M,4.23M,4.36M,4.5M,4.65M,4.79M,4.94M,5.08M,5.23M,5.38M,5.53M,5.72M,5.92M,6.13M,6.33M,6.54M,6.74M,6.95M,7.15M,7.34M,7.53M,7.71M,7.9M,8.08M,8.26M,8.44M,8.62M,8.79M,8.95M
Algeria,3.37M,3.6M,3.86M,4.13M,4.42M,4.72M,5.01M,5.18M,5.35M,5.53M,5.71M,5.9M,6.09M,6.28M,6.49M,6.7M,6.92M,7.2M,7.57M,7.96M,8.37M,8.81M,9.27M,9.75M,10.2M,10.8M,11.3M,11.8M,12.3M,12.9M,13.4M,14M,14.5M,15M,15.6M,16.1M,16.6M,17.1M,17.6M,18.1M,18.6M,19.1M,19.6M,20.1M,20.6M,21.2M,21.7M,22.3M,23M,23.6M,24.3M,25M,25.8M,26.5M,27.3M,28.1M,29M,29.8M,30.7M,31.5M,32.3M
Ecuador,1.54M,1.61M,1.69M,1.76M,1.84M,1.92M,2.01M,2.1M,2.19M,2.28M,2.38M,2.49M,2.59M,2.7M,2.82M,2.96M,3.11M,3.26M,3.42M,3.58M,3.75M,3.93M,4.11M,4.28M,4.46M,4.64M,4.83M,5.02M,5.22M,5.43M,5.64M,5.83M,6.03M,6.22M,6.42M,6.62M,6.82M,7.03M,7.23M,7.44M,7.65M,7.85M,8.03M,8.2M,8.36M,8.53M,8.7M,8.88M,9.06M,9.23M,9.41M,9.58M,9.75M,9.92M,10.1M,10.3M,10.5M,10.7M,10.9M,11.1M,11.3M
Egypt,10.1M,10.5M,10.9M,11.3M,11.7M,12.1M,12.5M,13M,13.4M,13.9M,14.3M,14.8M,15.2M,15.7M,16.2M,16.7M,17.2M,17.7M,18.1M,18.5M,19M,19.5M,20M,20.5M,21.1M,21.6M,22.2M,22.8M,23.4M,23.9M,24.4M,24.9M,25.4M,25.8M,26.2M,26.7M,27.1M,27.7M,28.3M,28.9M,29.5M,30.1M,30.7M,31.3M,31.9M,32.5M,33.1M,33.7M,34.3M,34.9M,35.6M,36.3M,37.1M,37.9M,38.7M,39.6M,40.4M,41.2M,42M,42.9M,43.8M
Eritrea,98.7k,105k,111k,117k,124k,132k,139k,148k,154k,160k,166k,173k,180k,188k,195k,203k,212k,221k,230k,239k,249k,260k,271k,282k,295k,316k,338k,361k,384k,407k,427k,444k,458k,470k,483k,496k,512k,529k,549k,576k,609k,652k,703k,761k,820k,879k,935k,989k,1.04M,1.08M,1.12M,1.15M,,,,,,,,,
Spain,17.2M,17.6M,18.1M,18.6M,19.1M,19.6M,20.1M,20.7M,21.2M,21.8M,22.3M,22.9M,23.4M,23.9M,24.4M,24.9M,25.4M,25.9M,26.4M,26.8M,27.3M,27.7M,27.9M,28.2M,28.4M,28.5M,28.7M,28.9M,29M,29.2M,29.3M,29.4M,29.6M,29.8M,30M,30.1M,30.3M,30.5M,30.6M,30.8M,30.9M,31.2M,31.7M,32.4M,33.1M,33.7M,34.4M,35.2M,35.8M,36.3M,36.5M,36.8M,36.9M,36.9M,36.9M,37M,37.1M,37.3M,37.6M,38M,38.3M
Estonia,697k,714k,733k,753k,774k,794k,813k,829k,846k,865k,883k,902k,919k,936k,951k,966k,980k,995k,1.01M,1.02M,1.03M,1.04M,1.05M,1.06M,1.07M,1.08M,1.09M,1.1M,1.12M,1.12M,1.12M,1.11M,1.09M,1.06M,1.03M,1.01M,992k,979k,967k,967k,969k,961k,953k,946k,938k,931k,924k,918k,914k,910k,907k,902k,899k,898k,897k,900k,902k,905k,911k,916k,920k
Ethiopia,1.42M,1.51M,1.6M,1.69M,1.79M,1.9M,2.01M,2.13M,2.23M,2.33M,2.44M,2.56M,2.69M,2.82M,2.96M,3.08M,3.19M,3.3M,3.41M,3.52M,3.66M,3.82M,4M,4.2M,4.42M,4.66M,4.9M,5.16M,5.43M,5.73M,6.04M,6.38M,6.74M,7.13M,7.52M,7.89M,8.25M,8.61M,8.98M,9.36M,9.76M,10.2M,10.6M,11M,11.5M,12M,12.5M,13M,13.7M,14.4M,15.2M,16M,16.8M,17.7M,18.6M,19.6M,20.6M,21.6M,22.7M,23.8M,24.9M
Finland,2.45M,2.51M,2.57M,2.62M,2.68M,2.72M,2.77M,2.82M,2.87M,2.91M,2.93M,2.98M,3.03M,3.09M,3.14M,3.2M,3.24M,3.29M,3.34M,3.38M,3.43M,3.48M,3.54M,3.6M,3.66M,3.72M,3.77M,3.81M,3.86M,3.91M,3.96M,4M,4.04M,4.07M,4.11M,4.14M,4.16M,4.19M,4.21M,4.23M,4.25M,4.27M,4.29M,4.31M,4.33M,4.35M,4.37M,4.4M,4.43M,4.45M,4.49M,4.54M,4.59M,4.63M,4.65M,4.67M,4.69M,4.7M,4.71M,4.72M,4.73M
Fiji,117k,123k,130k,137k,144k,151k,158k,164k,170k,175k,181k,187k,193k,199k,205k,212k,218k,223k,228k,234k,240k,247k,254k,262k,269k,274k,278k,284k,290k,296k,303k,312k,321k,332k,342k,353k,363k,370k,377k,383k,389k,393k,397k,401k,405k,410k,416k,424k,432k,441k,449k,455k,460k,465k,470k,475k,482k,489k,497k,505k,513k
France,28.8M,29.6M,30.4M,31.4M,32.4M,33.4M,34.3M,35.2M,35.9M,36.4M,36.9M,37.4M,37.9M,38.4M,38.9M,39.3M,39.6M,39.8M,40M,40.2M,40.4M,40.7M,40.9M,41.2M,41.5M,41.7M,42M,42.3M,42.6M,42.8M,43.1M,43.5M,43.8M,44.1M,44.3M,44.6M,44.9M,45.1M,45.4M,45.7M,46.2M,46.7M,47.2M,47.7M,48.2M,48.7M,49.2M,49.7M,50.1M,50.5M,51M,51.4M,51.8M,52.2M,52.6M,53M,53.3M,53.7M,54M,54.3M,54.6M
Faeroe Islands,7400,7770,8160,8560,8980,9410,9820,10.1k,10.3k,10.6k,10.9k,11.2k,11.5k,11.9k,12.2k,12.5k,12.9k,13.2k,13.3k,13.4k,13.5k,13.6k,13.7k,13.8k,13.8k,13.9k,14.1k,14.2k,14.3k,14.4k,14.5k,14.7k,14.9k,15.1k,15.3k,15.5k,15.9k,16.2k,16.4k,16.6k,17k,17.5k,18k,18.4k,18.7k,19k,19.2k,19.3k,19.4k,19.5k,19.6k,19.6k,19.7k,19.8k,19.9k,20k,20.1k,20.3k,20.4k,20.6k,20.7k
"Micronesia, Fed. Sts.",9930,10.4k,10.8k,11.3k,11.8k,12.3k,12.9k,13.5k,14.2k,14.8k,15.2k,15.6k,15.8k,15.9k,16.1k,16.3k,16.7k,17.2k,17.9k,18.6k,19.3k,19.9k,20.6k,21.2k,21.8k,22.4k,22.9k,23.4k,23.9k,24.3k,24.9k,25.4k,26k,26.6k,27.1k,27k,26.5k,25.9k,25.2k,24.5k,24k,23.9k,23.9k,23.9k,23.8k,23.7k,23.5k,23.3k,23.1k,23k,22.9k,23.1k,23.3k,23.7k,24.1k,24.5k,24.8k,25.2k,25.6k,26k,26.4k
Gabon,87.2k,92.7k,100k,108k,117k,127k,137k,149k,161k,175k,189k,205k,222k,239k,258k,278k,300k,322k,346k,371k,397k,424k,446k,468k,492k,516k,542k,568k,597k,626k,657k,688k,719k,752k,782k,812k,842k,873k,905k,936k,969k,1M,1.04M,1.07M,1.11M,1.15M,1.19M,1.23M,1.28M,1.33M,1.39M,1.45M,1.52M,1.58M,1.65M,1.72M,1.78M,1.84M,1.89M,1.95M,2.01M
Isle of Man,26.7k,26.7k,26.9k,27.2k,27.7k,28.2k,28.8k,29.3k,29.9k,30.4k,30.9k,31.3k,31.3k,31.3k,31.2k,31.2k,31.3k,31.8k,32.2k,32.6k,32.9k,33k,33k,33k,33k,33.3k,33.7k,34.4k,35.2k,35.8k,36.4k,36.7k,36.9k,37k,37.1k,37.4k,37.7k,38.3k,38.8k,39.4k,39.9k,40.3k,40.6k,40.9k,41.3k,41.7k,42.2k,42.8k,43.4k,43.9k,44.1k,44.2k,44k,43.8k,43.5k,43.5k,43.6k,43.9k,44.2k,44.6k,45k
United Kingdom,41.1M,41.4M,41.7M,41.9M,42.1M,42.3M,42.5M,42.6M,42.7M,42.8M,42.9M,43.1M,43.3M,43.5M,43.6M,43.7M,43.8M,43.8M,43.9M,44.1M,44.2M,44.3M,44.2M,44.2M,44.3M,44.3M,44.4M,44.5M,44.5M,44.6M,44.7M,44.9M,45M,45.2M,45.3M,45.5M,45.6M,45.8M,45.9M,46.1M,46.3M,46.6M,46.9M,47.3M,47.8M,48.3M,48.8M,49.4M,49.9M,50.5M,51M,51.6M,52.1M,52.7M,53.2M,53.8M,54.4M,54.9M,55.4M,55.9M,56.4M
Georgia,1.57M,1.61M,1.66M,1.7M,1.74M,1.79M,1.83M,1.86M,1.9M,1.94M,1.98M,2.02M,2.06M,2.1M,2.13M,2.17M,2.21M,2.24M,2.28M,2.31M,2.35M,2.38M,2.42M,2.45M,2.49M,2.53M,2.57M,2.6M,2.64M,2.66M,2.64M,2.65M,2.66M,2.67M,2.62M,2.51M,2.41M,2.32M,2.25M,2.2M,2.15M,2.1M,2.09M,2.09M,2.09M,2.09M,2.1M,2.1M,2.11M,2.1M,2.1M,2.1M,2.1M,2.11M,2.12M,2.14M,2.16M,2.17M,2.18M,2.2M,2.21M
Ghana,1.54M,1.63M,1.72M,1.82M,1.92M,2.02M,2.12M,2.22M,2.32M,2.43M,2.53M,2.62M,2.71M,2.81M,2.91M,3M,3.09M,3.17M,3.25M,3.34M,3.45M,3.56M,3.69M,3.83M,4M,4.21M,4.42M,4.65M,4.88M,5.13M,5.38M,5.65M,5.93M,6.22M,6.52M,6.83M,7.14M,7.46M,7.79M,8.12M,8.47M,8.81M,9.17M,9.53M,9.92M,10.3M,10.7M,11.2M,11.6M,12.1M,12.6M,13M,13.5M,14M,14.5M,15.1M,15.6M,16.1M,16.7M,17.2M,17.8M
Gibraltar,23.4k,23.8k,24.3k,24.9k,25.5k,26.1k,26.6k,27.2k,27.7k,28.2k,28.6k,29k,29.4k,29.7k,29.9k,30.1k,30.2k,30.2k,30.2k,30.2k,30.1k,29.9k,29.7k,29.5k,29.3k,29.2k,29.1k,29.1k,29.2k,29.2k,29.1k,29k,28.8k,28.7k,28.6k,28.7k,29k,29.4k,29.9k,30.5k,31.1k,31.6k,32.1k,32.6k,32.9k,33.2k,33.4k,33.5k,33.6k,33.6k,33.6k,33.6k,33.7k,33.7k,33.7k,33.7k,33.7k,33.7k,33.7k,33.7k,33.7k
Guinea,366k,388k,412k,438k,465k,493k,524k,556k,591k,626k,664k,703k,743k,786k,830k,876k,925k,976k,1.03M,1.09M,1.15M,1.22M,1.29M,1.35M,1.4M,1.46M,1.51M,1.58M,1.64M,1.71M,1.78M,1.85M,1.92M,1.99M,2.07M,2.14M,2.22M,2.3M,2.38M,2.46M,2.54M,2.62M,2.7M,2.77M,2.85M,2.94M,3.03M,3.12M,3.22M,3.33M,3.43M,3.54M,3.65M,3.76M,3.88M,4.02M,4.16M,4.32M,4.49M,4.66M,4.84M
Gambia,44.3k,45.9k,47.6k,49.9k,54.2k,58.9k,64.1k,69.9k,76.2k,83.1k,90.5k,98.6k,107k,116k,124k,132k,141k,150k,160k,170k,181k,192k,204k,217k,232k,250k,269k,292k,316k,341k,366k,391k,416k,441k,465k,489k,515k,542k,570k,600k,631k,663k,698k,733k,768k,803k,840k,877k,916k,956k,998k,1.04M,1.09M,1.14M,1.18M,1.24M,1.29M,1.34M,1.4M,1.45M,1.51M
Guinea-Bissau,83.8k,85.6k,87.4k,89.2k,91.1k,93.2k,95.6k,98.1k,101k,104k,107k,110k,113k,117k,120k,122k,124k,126k,127k,130k,139k,150k,162k,176k,191k,207k,223k,241k,260k,280k,301k,323k,339k,351k,363k,374k,386k,398k,410k,422k,435k,449k,464k,480k,496k,513k,531k,550k,569k,589k,611k,633k,657k,681k,706k,732k,758k,785k,813k,841k,870k
Equatorial Guinea,65.2k,67.7k,68.8k,70k,71.5k,73.2k,75.4k,77.9k,80.2k,81.7k,81.9k,80.8k,78.6k,75.6k,72.6k,70.1k,68.2k,66.8k,66.4k,67.2k,69.7k,73.9k,79.9k,86.8k,96.2k,105k,114k,122k,129k,137k,146k,155k,164k,175k,186k,201k,218k,235k,255k,275k,298k,321k,346k,373k,402k,433k,466k,502k,540k,580k,622k,666k,712k,749k,787k,825k,864k,904k,944k,985k,1.03M
Greece,4.66M,4.74M,4.84M,4.94M,5.03M,5.13M,5.24M,5.36M,5.47M,5.56M,5.65M,5.74M,5.82M,5.89M,5.96M,6.06M,6.2M,6.32M,6.45M,6.58M,6.69M,6.79M,6.85M,6.91M,6.96M,7.01M,7.05M,7.09M,7.14M,7.19M,7.29M,7.39M,7.46M,7.52M,7.57M,7.62M,7.66M,7.71M,7.77M,7.81M,7.86M,7.92M,7.99M,8.05M,8.11M,8.18M,8.25M,8.31M,8.37M,8.43M,8.48M,8.51M,8.51M,8.48M,8.46M,8.45M,8.45M,8.47M,8.49M,8.51M,8.53M
Grenada,27.3k,27.9k,28.4k,28.9k,29.3k,29.6k,29.9k,30.1k,30.2k,30.3k,30.4k,30.4k,30.4k,30.4k,30.3k,30.1k,29.8k,29.5k,29.2k,29.1k,29.3k,29.9k,30.8k,31.8k,32.6k,33.2k,33.3k,33.1k,32.7k,32.4k,32.2k,32.3k,32.8k,33.4k,34k,34.6k,35.1k,35.5k,35.9k,36.3k,36.7k,37.1k,37.2k,37.3k,37.5k,37.6k,37.7k,37.7k,37.8k,37.9k,38.1k,38.3k,38.5k,38.8k,39.1k,39.5k,39.8k,40.1k,40.4k,40.8k,41.1k
Greenland,19k,20.2k,21.5k,22.9k,24.3k,25.9k,27.3k,28.8k,30.5k,32.1k,33.8k,34.7k,35.6k,36.2k,36.7k,36.9k,37.1k,37k,37.1k,37.6k,38.2k,39k,39.6k,40.2k,40.9k,41.5k,41.9k,42.6k,43.3k,43.9k,44.3k,44.4k,44.4k,44.4k,44.8k,45.1k,45.3k,45.5k,45.6k,45.7k,45.9k,46.1k,46.5k,46.7k,47k,47.2k,47.2k,47.2k,47.2k,47.4k,48k,48.2k,48.4k,48.3k,48.3k,48.3k,48.5k,48.6k,48.6k,48.9k,49.2k
Guatemala,1.28M,1.35M,1.42M,1.49M,1.56M,1.62M,1.68M,1.75M,1.81M,1.87M,1.94M,2M,2.07M,2.14M,2.21M,2.28M,2.35M,2.42M,2.5M,2.58M,2.67M,2.76M,2.86M,2.96M,3.07M,3.18M,3.3M,3.42M,3.54M,3.67M,3.8M,3.93M,4.07M,4.21M,4.35M,4.49M,4.64M,4.78M,4.93M,5.09M,5.25M,5.42M,5.59M,5.75M,5.91M,6.07M,6.24M,6.4M,6.57M,6.73M,6.9M,7.07M,7.24M,7.42M,7.6M,7.78M,7.96M,8.15M,8.35M,8.54M,8.74M
Guam,33.5k,34.9k,36.4k,38.1k,39.8k,41.6k,43.4k,45.2k,47.1k,49k,51.9k,57.6k,63.1k,68.3k,73.3k,78.1k,82.5k,86.7k,90.7k,94.4k,97.6k,99.6k,102k,104k,106k,108k,110k,112k,114k,116k,118k,122k,125k,128k,131k,134k,137k,139k,141k,143k,145k,146k,147k,147k,148k,148k,149k,149k,149k,150k,150k,150k,151k,151k,152k,153k,154k,156k,157k,159k,160k
Guyana,166k,171k,176k,181k,186k,190k,194k,198k,201k,204k,207k,211k,214k,217k,220k,224k,227k,230k,233k,236k,238k,238k,237k,235k,234k,231k,229k,226k,223k,221k,220k,220k,220k,221k,222k,222k,221k,220k,218k,216k,214k,213k,212k,211k,209k,208k,206k,204k,202k,201k,200k,199k,199k,200k,202k,203k,204k,206k,207k,209k,211k
"Hong Kong, China",2.62M,2.7M,2.83M,2.94M,3.02M,3.11M,3.15M,3.24M,3.32M,3.38M,3.47M,3.56M,3.65M,3.77M,3.91M,4M,4.07M,4.15M,4.24M,4.49M,4.63M,4.76M,4.85M,4.94M,5M,5.07M,5.21M,5.41M,5.53M,5.63M,5.68M,5.74M,5.8M,5.9M,6.04M,6.16M,6.44M,6.49M,6.54M,6.61M,6.67M,6.71M,6.74M,6.73M,6.78M,6.81M,6.86M,6.92M,6.96M,6.97M,7.02M,7.07M,7.15M,7.18M,7.23M,7.29M,7.34M,7.39M,7.45M,7.51M,7.48M
Honduras,464k,489k,515k,543k,572k,603k,636k,670k,707k,745k,785k,827k,872k,918k,966k,1.01M,1.06M,1.11M,1.17M,1.22M,1.28M,1.34M,1.41M,1.47M,1.54M,1.62M,1.69M,1.77M,1.85M,1.92M,2M,2.09M,2.17M,2.26M,2.36M,2.45M,2.55M,2.66M,2.76M,2.88M,2.99M,3.1M,3.23M,3.36M,3.49M,3.62M,3.76M,3.9M,4.04M,4.18M,4.32M,4.46M,4.6M,4.74M,4.88M,5.03M,5.17M,5.32M,5.47M,5.63M,5.78M
Croatia,1.25M,1.29M,1.34M,1.39M,1.44M,1.5M,1.55M,1.61M,1.66M,1.72M,1.77M,1.82M,1.86M,1.9M,1.94M,1.98M,2.02M,2.06M,2.1M,2.14M,2.18M,2.21M,2.24M,2.26M,2.29M,2.32M,2.34M,2.37M,2.39M,2.42M,2.44M,2.41M,2.36M,2.38M,2.42M,2.42M,2.39M,2.39M,2.4M,2.4M,2.39M,2.31M,2.31M,2.32M,2.33M,2.34M,2.35M,2.36M,2.36M,2.37M,2.37M,2.37M,2.37M,2.37M,2.37M,2.36M,2.35M,2.34M,2.33M,2.33M,2.33M
Haiti,603k,630k,658k,687k,717k,749k,781k,816k,851k,887k,924k,962k,983k,1M,1.02M,1.04M,1.06M,1.08M,1.11M,1.13M,1.16M,1.19M,1.22M,1.29M,1.38M,1.47M,1.57M,1.67M,1.78M,1.89M,2.01M,2.13M,2.25M,2.34M,2.43M,2.52M,2.62M,2.71M,2.81M,2.91M,3.01M,3.21M,3.41M,3.62M,3.77M,3.92M,4.07M,4.23M,4.39M,4.56M,4.73M,4.9M,5.07M,5.25M,5.43M,5.61M,5.79M,5.97M,6.15M,6.33M,6.51M
Hungary,5.58M,5.65M,5.71M,5.77M,5.83M,5.89M,5.95M,6.01M,6.08M,6.15M,6.21M,6.28M,6.34M,6.4M,6.48M,6.56M,6.64M,6.72M,6.78M,6.84M,6.88M,6.9M,6.91M,6.92M,6.93M,6.93M,6.94M,6.95M,6.95M,6.9M,6.83M,6.82M,6.8M,6.78M,6.76M,6.74M,6.71M,6.68M,6.66M,6.62M,6.59M,6.59M,6.61M,6.63M,6.66M,6.69M,6.74M,6.78M,6.82M,6.86M,6.89M,6.92M,6.91M,6.92M,6.93M,6.94M,6.95M,6.96M,6.97M,7M,7.01M
Indonesia,12.8M,13.4M,13.9M,14.5M,15.2M,15.8M,16.5M,17.2M,18M,18.8M,19.6M,20.4M,21.5M,22.7M,23.9M,25.2M,26.6M,28M,29.5M,31M,32.6M,34.4M,36.5M,38.6M,40.8M,43M,45.4M,47.8M,50.3M,52.8M,55.5M,58.4M,61.4M,64.5M,67.7M,71M,74.4M,77.9M,81.5M,85.1M,88.8M,91.7M,94.7M,97.7M,101M,104M,107M,110M,114M,117M,121M,124M,127M,131M,134M,138M,141M,145M,148M,152M,155M
India,80.8M,82.9M,85.5M,88.1M,90.9M,93.8M,96.7M,99.8M,103M,106M,110M,114M,118M,123M,128M,133M,138M,144M,149M,155M,161M,168M,173M,179M,185M,191M,197M,203M,210M,216M,223M,230M,236M,243M,250M,256M,263M,271M,278M,285M,292M,300M,309M,318M,326M,336M,345M,354M,363M,372M,382M,391M,400M,410M,420M,429M,440M,450M,460M,471M,482M
Ireland,1.28M,1.28M,1.29M,1.31M,1.32M,1.33M,1.35M,1.39M,1.43M,1.47M,1.52M,1.56M,1.6M,1.63M,1.67M,1.71M,1.75M,1.78M,1.82M,1.86M,1.89M,1.92M,1.94M,1.96M,1.98M,1.99M,2M,2M,2M,1.99M,2M,2.02M,2.04M,2.06M,2.07M,2.09M,2.12M,2.15M,2.18M,2.21M,2.25M,2.3M,2.35M,2.39M,2.45M,2.52M,2.6M,2.68M,2.74M,2.78M,2.81M,2.83M,2.85M,2.87M,2.9M,2.94M,2.98M,3.03M,3.07M,3.13M,3.17M
Iran,7.39M,7.73M,8.09M,8.46M,8.85M,9.25M,9.67M,10.1M,10.7M,11.2M,11.8M,12.3M,12.9M,13.6M,14.3M,15M,15.7M,16.5M,17.3M,18.2M,19.2M,20.3M,21.4M,22.7M,23.9M,25.3M,26.7M,28M,29.3M,30.6M,31.8M,32.8M,33.9M,34.9M,36M,37M,38.1M,39.1M,40M,41M,42M,43M,44.1M,45.1M,46.1M,47.1M,48.1M,49.1M,50.1M,51.1M,52.1M,53.1M,54.2M,55.3M,56.4M,57.6M,58.8M,60M,61.3M,62.5M,63.7M
Iraq,3.13M,3.32M,3.53M,3.75M,3.99M,4.24M,4.49M,4.74M,5M,5.28M,5.57M,5.87M,6.18M,6.5M,6.83M,7.17M,7.53M,7.9M,8.25M,8.6M,8.95M,9.29M,9.65M,10M,10.3M,10.7M,11M,11.4M,11.6M,11.9M,12.1M,12.4M,12.8M,13.1M,13.5M,13.9M,14.3M,14.7M,15.1M,15.6M,16.1M,16.6M,17.1M,17.6M,18.1M,18.5M,18.9M,19.2M,19.6M,20M,20.6M,21.3M,22.1M,23.1M,24M,24.9M,25.7M,26.4M,27.1M,27.8M,28.5M
Iceland,141k,145k,148k,152k,155k,159k,163k,166k,169k,172k,174k,176k,179k,183k,186k,189k,192k,194k,196k,199k,201k,204k,208k,211k,214k,216k,218k,221k,226k,229k,231k,234k,238k,241k,243k,245k,247k,249k,252k,256k,260k,264k,266k,269k,271k,276k,283k,291k,296k,298k,298k,299k,300k,303k,307k,310k,314k,322k,331k,338k,344k
Israel,1.62M,1.7M,1.81M,1.89M,1.99M,2.07M,2.15M,2.26M,2.33M,2.4M,2.5M,2.6M,2.69M,2.81M,2.91M,2.99M,3.08M,3.16M,3.24M,3.34M,3.44M,3.52M,3.6M,3.68M,3.73M,3.8M,3.87M,3.93M,4M,4.08M,4.21M,4.48M,4.64M,4.77M,4.9M,5.04M,5.18M,5.31M,5.44M,5.58M,5.74M,5.88M,6M,6.11M,6.23M,6.34M,6.46M,6.58M,6.7M,6.87M,7M,7.14M,7.27M,7.42M,7.57M,7.72M,7.88M,8.05M,8.21M,8.38M,8.53M
Italy,29.8M,30.2M,30.7M,31.2M,31.7M,32.2M,32.7M,33.2M,33.7M,34.2M,34.6M,35M,35.4M,35.7M,36.1M,36.4M,36.7M,37M,37.2M,37.4M,37.6M,37.8M,37.8M,37.8M,37.8M,37.8M,37.8M,37.8M,37.8M,37.8M,37.8M,37.9M,37.9M,38M,38M,38M,38.1M,38.1M,38.2M,38.2M,38.3M,38.3M,38.4M,38.7M,39M,39.3M,39.5M,39.7M,40.1M,40.3M,40.5M,40.6M,40.9M,41.5M,42.1M,42.2M,42.4M,42.5M,42.6M,42.2M,42.2M
Jamaica,550k,570k,591k,613k,636k,659k,681k,704k,727k,751k,775k,797k,820k,844k,869k,893k,916k,938k,961k,985k,1.01M,1.04M,1.07M,1.09M,1.11M,1.13M,1.15M,1.16M,1.17M,1.18M,1.2M,1.21M,1.23M,1.25M,1.26M,1.28M,1.3M,1.32M,1.34M,1.36M,1.38M,1.39M,1.41M,1.42M,1.43M,1.45M,1.46M,1.47M,1.48M,1.5M,1.51M,1.52M,1.54M,1.55M,1.57M,1.59M,1.6M,1.62M,1.63M,1.65M,1.67M
Jordan,475k,510k,538k,563k,594k,637k,692k,758k,830k,900k,963k,1.02M,1.07M,1.11M,1.15M,1.19M,1.23M,1.27M,1.31M,1.36M,1.43M,1.52M,1.61M,1.72M,1.83M,1.94M,2.06M,2.18M,2.31M,2.45M,2.61M,2.8M,3.01M,3.22M,3.43M,3.59M,3.7M,3.79M,3.87M,3.94M,4.01M,4.08M,4.16M,4.26M,4.37M,4.58M,4.85M,5.15M,5.49M,5.85M,6.25M,6.68M,7.13M,7.59M,8.03M,8.36M,8.65M,8.88M,9.07M,9.21M,9.33M
Japan,59M,60.4M,61.8M,63.4M,64.9M,66.5M,67.9M,69.4M,71M,72.7M,74.3M,76.8M,78.7M,80.7M,82.6M,84.5M,85.6M,86.5M,87.4M,88.2M,89M,89.7M,90.5M,91.3M,92M,92.7M,93.3M,93.9M,94.5M,95M,95.5M,96M,96.6M,97M,97.5M,97.9M,98.3M,98.7M,99.1M,99.4M,99.8M,102M,104M,106M,108M,110M,111M,113M,114M,115M,116M,116M,116M,116M,116M,116M,116M,116M,116M,116M,115M
Kazakhstan,4.39M,4.63M,4.87M,5.11M,5.34M,5.57M,5.79M,5.99M,6.18M,6.37M,6.55M,6.72M,6.9M,7.08M,7.25M,7.39M,7.51M,7.62M,7.74M,7.86M,8.01M,8.16M,8.32M,8.49M,8.66M,8.77M,8.9M,9.02M,9.13M,9.16M,9.2M,9.24M,9.22M,9.17M,9.03M,8.84M,8.71M,8.58M,8.44M,8.36M,8.35M,8.35M,8.36M,8.4M,8.47M,8.55M,8.65M,8.77M,8.94M,9.13M,9.28M,9.42M,9.57M,9.72M,9.87M,10M,10.2M,10.3M,10.5M,10.7M,10.8M
Kenya,598k,634k,672k,718k,767k,820k,877k,938k,1M,1.07M,1.16M,1.26M,1.37M,1.49M,1.61M,1.75M,1.9M,2.07M,2.24M,2.43M,2.56M,2.68M,2.8M,2.93M,3.06M,3.2M,3.34M,3.48M,3.63M,3.78M,3.97M,4.18M,4.39M,4.61M,4.84M,5.07M,5.31M,5.56M,5.81M,6.08M,6.36M,6.65M,6.95M,7.26M,7.59M,7.94M,8.3M,8.68M,9.07M,9.48M,9.91M,10.3M,10.8M,11.3M,11.8M,12.3M,12.8M,13.3M,13.9M,14.5M,15.1M
Kyrgyz Republic,743k,779k,813k,849k,886k,923k,961k,1000k,1.04M,1.08M,1.11M,1.14M,1.17M,1.2M,1.23M,1.26M,1.29M,1.32M,1.35M,1.37M,1.4M,1.42M,1.45M,1.48M,1.5M,1.53M,1.56M,1.59M,1.61M,1.64M,1.66M,1.67M,1.68M,1.67M,1.65M,1.66M,1.67M,1.68M,1.69M,1.71M,1.73M,1.75M,1.76M,1.78M,1.8M,1.82M,1.84M,1.86M,1.88M,1.9M,1.92M,1.95M,1.99M,2.03M,2.08M,2.13M,2.19M,2.24M,2.3M,2.36M,2.43M
Cambodia,589k,605k,623k,649k,675k,700k,724k,809k,901k,1M,1.12M,1.34M,1.59M,1.88M,2.19M,337k,357k,373k,388k,406k,663k,860k,902k,955k,1.01M,1.07M,1.13M,1.19M,1.26M,1.32M,1.4M,1.48M,1.56M,1.65M,1.75M,1.84M,1.94M,2.04M,2.13M,2.2M,2.26M,2.32M,2.38M,2.43M,2.49M,2.55M,2.6M,2.66M,2.72M,2.81M,2.9M,3M,3.11M,3.22M,3.33M,3.44M,3.56M,3.68M,3.8M,3.92M,4.05M
Kiribati,6710,7150,7600,8090,8590,9110,9650,10.2k,10.8k,11.5k,12.3k,13.2k,14.1k,15k,15.7k,16.3k,16.9k,17.6k,18.2k,18.7k,19.1k,19.6k,20k,20.4k,20.9k,21.5k,22.2k,22.9k,23.8k,24.6k,25.3k,26k,26.6k,27.1k,27.7k,28.3k,29.5k,31.1k,32.7k,34.5k,36.3k,37.3k,38k,38.7k,39.4k,40.2k,41.5k,43.3k,45.1k,47k,48.8k,50.5k,52.2k,53.9k,55.5k,57.3k,59k,60.8k,62.6k,64.5k,66.4k
St. Kitts and Nevis,14.2k,14.5k,14.7k,14.9k,15.1k,15.2k,15.2k,15.3k,15.3k,15.3k,15.3k,15.3k,15.3k,15.4k,15.4k,15.5k,15.5k,15.6k,15.5k,15.5k,15.5k,15.4k,15.2k,15.1k,14.9k,14.8k,14.6k,14.4k,14.2k,14k,13.9k,13.9k,13.9k,14k,14.1k,14.2k,14.2k,14.3k,14.3k,14.4k,14.4k,14.5k,14.7k,14.8k,14.9k,15k,15.1k,15.2k,15.2k,15.3k,15.4k,15.4k,15.5k,15.6k,15.7k,15.8k,15.9k,16k,16.1k,16.3k,16.4k
South Korea,6.93M,7.35M,7.81M,8.29M,8.78M,9.29M,9.82M,10.5M,11.4M,12.2M,13.1M,13.9M,14.6M,15.4M,16.2M,16.9M,17.8M,18.7M,19.7M,20.6M,21.6M,22.6M,23.6M,24.6M,25.6M,26.5M,27.5M,28.5M,29.6M,30.6M,31.7M,32.5M,33.2M,33.9M,34.6M,35.3M,35.8M,36.3M,36.6M,37M,37.4M,37.9M,38.3M,38.6M,38.9M,39.2M,39.5M,39.7M,40.1M,40.4M,40.6M,40.9M,41.1M,41.2M,41.5M,41.6M,41.8M,41.9M,42M,42.2M,42.2M
Kuwait,201k,228k,259k,294k,332k,374k,422k,474k,528k,583k,638k,690k,743k,796k,852k,913k,985k,1.06M,1.14M,1.22M,1.3M,1.38M,1.45M,1.53M,1.61M,1.7M,1.79M,1.9M,1.99M,2.05M,2.05M,1.99M,,,,1.58M,1.6M,1.69M,1.81M,1.93M,2.02M,2.1M,2.14M,2.16M,2.2M,2.27M,2.37M,2.5M,2.66M,2.82M,2.99M,3.17M,3.35M,3.53M,3.69M,3.84M,3.96M,4.06M,4.14M,4.21M,4.27M
Lao,169k,174k,180k,186k,192k,198k,205k,217k,230k,244k,259k,275k,292k,309k,324k,338k,351k,363k,375k,388k,403k,420k,440k,461k,484k,509k,536k,564k,594k,625k,657k,691k,726k,762k,798k,842k,903k,966k,1.03M,1.1M,1.17M,1.24M,1.32M,1.4M,1.49M,1.56M,1.62M,1.68M,1.75M,1.81M,1.88M,1.95M,2.01M,2.08M,2.16M,2.23M,2.31M,2.39M,2.47M,2.56M,2.64M
Lebanon,764k,821k,881k,942k,1M,1.07M,1.13M,1.18M,1.24M,1.3M,1.37M,1.44M,1.51M,1.59M,1.66M,1.73M,1.78M,1.81M,1.85M,1.88M,1.91M,1.94M,1.98M,2.03M,2.07M,2.11M,2.14M,2.17M,2.21M,2.26M,2.33M,2.44M,2.58M,2.73M,2.88M,2.99M,3.07M,3.13M,3.17M,3.22M,3.3M,3.44M,3.61M,3.79M,3.95M,4.07M,4.13M,4.14M,4.15M,4.2M,4.33M,4.55M,4.85M,5.19M,5.51M,5.76M,5.93M,6.03M,6.08M,6.08M,6.07M
Liberia,208k,220k,233k,246k,260k,275k,291k,308k,326k,344k,365k,386k,409k,433k,459k,486k,515k,546k,578k,613k,652k,694k,740k,786k,841k,909k,970k,1.02M,1.07M,1.11M,1.15M,1.18M,1.1M,1.03M,973k,940k,928k,1.01M,1.1M,1.19M,1.26M,1.32M,1.36M,1.4M,1.43M,1.48M,1.54M,1.62M,1.7M,1.78M,1.86M,1.94M,2.01M,2.08M,2.15M,2.23M,2.31M,2.38M,2.46M,2.55M,2.63M
Libya,396k,422k,451k,482k,516k,584k,662k,749k,844k,947k,1.06M,1.18M,1.31M,1.45M,1.55M,1.66M,1.77M,1.89M,2M,2.13M,2.26M,2.39M,2.53M,2.68M,2.82M,2.92M,3.02M,3.11M,3.19M,3.28M,3.36M,3.44M,3.53M,3.61M,3.69M,3.76M,3.83M,3.9M,3.96M,4.02M,4.09M,4.16M,4.24M,4.31M,4.39M,4.47M,4.55M,4.63M,4.7M,4.77M,4.84M,4.89M,4.94M,4.98M,5.03M,5.09M,5.16M,5.25M,5.35M,5.45M,5.54M
St. Lucia,19.2k,19.7k,20.2k,20.7k,21.2k,21.8k,22.4k,23k,23.6k,24.3k,24.9k,25.4k,26k,26.5k,27k,27.6k,28.3k,29k,29.7k,30.5k,31.3k,32k,32.8k,33.5k,34.4k,35.3k,36.2k,37.3k,38.4k,39.5k,40.5k,41.4k,41.6k,41.8k,42k,42.2k,42.5k,42.8k,43.1k,43.4k,43.5k,43.5k,42k,40.5k,39.1k,37.7k,36.5k,35.3k,34.2k,33.1k,32.1k,32.4k,32.6k,32.8k,33k,33.2k,33.4k,33.7k,34k,34.3k,34.6k
Liechtenstein,3370,3430,3480,3530,3580,3630,3690,3750,3820,3870,3930,3990,4070,4140,4210,4290,4380,4480,4570,4660,4730,4770,4790,4800,4800,4810,4820,4830,4840,4860,4870,4910,4950,4990,5040,5090,5110,5090,5070,5050,5020,5020,5050,5080,5100,5120,5140,5150,5170,5190,5210,5230,5260,5300,5330,5360,5390,5410,5440,5460,5500
Sri Lanka,1.62M,1.68M,1.73M,1.79M,1.85M,1.9M,1.96M,2.02M,2.08M,2.14M,2.2M,2.26M,2.31M,2.37M,2.43M,2.49M,2.55M,2.61M,2.67M,2.74M,2.8M,2.85M,2.89M,2.93M,2.97M,3.01M,3.05M,3.09M,3.13M,3.17M,3.21M,3.25M,3.28M,3.31M,3.34M,3.37M,3.39M,3.4M,3.42M,3.43M,3.45M,3.47M,3.5M,3.52M,3.55M,3.58M,3.6M,3.63M,3.65M,3.67M,3.69M,3.71M,3.72M,3.75M,3.79M,3.83M,3.88M,3.94M,4M,4.05M,4.1M
Lesotho,29.4k,33.8k,38.8k,44.6k,51.2k,58.7k,66.5k,71.4k,76.7k,82.4k,88.6k,95.1k,102k,109k,117k,126k,134k,138k,143k,148k,153k,159k,164k,169k,174k,179k,186k,198k,210k,224k,238k,253k,269k,286k,304k,322k,340k,355k,370k,385k,397k,409k,418k,427k,435k,444k,454k,463k,473k,483k,495k,507k,518k,529k,542k,554k,567k,580k,594k,608k,622k
Lithuania,1.1M,1.14M,1.19M,1.23M,1.28M,1.32M,1.37M,1.42M,1.46M,1.51M,1.56M,1.61M,1.67M,1.73M,1.78M,1.84M,1.89M,1.95M,2.01M,2.05M,2.09M,2.13M,2.17M,2.21M,2.26M,2.31M,2.35M,2.41M,2.46M,2.49M,2.5M,2.5M,2.5M,2.48M,2.46M,2.44M,2.42M,2.4M,2.38M,2.36M,2.34M,2.32M,2.3M,2.28M,2.25M,2.21M,2.18M,2.16M,2.14M,2.11M,2.07M,2.02M,2M,1.98M,1.97M,1.95M,1.93M,1.91M,1.9M,1.9M,1.9M
Luxembourg,218k,222k,226k,230k,234k,239k,242k,244k,247k,249k,252k,257k,262k,267k,272k,277k,281k,283k,286k,289k,291k,294k,294k,295k,295k,296k,297k,299k,302k,305k,309k,314k,320k,325k,332k,339k,343k,347k,352k,359k,367k,375k,381k,387k,395k,403k,411k,420k,429k,439k,449k,461k,474k,487k,500k,514k,526k,541k,553k,566k,577k
Latvia,1.12M,1.16M,1.19M,1.22M,1.26M,1.29M,1.32M,1.34M,1.38M,1.4M,1.43M,1.46M,1.49M,1.52M,1.55M,1.58M,1.6M,1.63M,1.65M,1.67M,1.69M,1.7M,1.71M,1.73M,1.75M,1.77M,1.79M,1.81M,1.83M,1.85M,1.84M,1.83M,1.8M,1.76M,1.74M,1.71M,1.69M,1.67M,1.65M,1.63M,1.61M,1.59M,1.57M,1.55M,1.54M,1.52M,1.51M,1.49M,1.48M,1.45M,1.42M,1.4M,1.38M,1.37M,1.35M,1.34M,1.33M,1.32M,1.31M,1.31M,1.3M
"Macao, China",160k,163k,168k,176k,186k,195k,205k,216k,225k,233k,239k,242k,242k,241k,239k,237k,234k,232k,231k,232k,235k,240k,248k,259k,270k,282k,294k,307k,320k,332k,343k,353k,362k,370k,377k,385k,393k,401k,410k,418k,428k,438k,449k,460k,472k,483k,494k,505k,515k,526k,538k,551k,564k,577k,590k,602k,613k,623k,632k,640k,649k
Morocco,3.62M,3.79M,3.97M,4.16M,4.34M,4.53M,4.73M,4.92M,5.12M,5.31M,5.52M,5.72M,5.96M,6.2M,6.45M,6.71M,6.99M,7.28M,7.59M,7.9M,8.24M,8.59M,8.95M,9.32M,9.7M,10.1M,10.5M,10.8M,11.2M,11.6M,12M,12.4M,12.8M,13.2M,13.6M,14M,14.2M,14.5M,14.8M,15.1M,15.4M,15.6M,15.9M,16.2M,16.5M,16.8M,17.2M,17.6M,17.9M,18.3M,18.8M,19.2M,19.7M,20.1M,20.6M,21.1M,21.6M,22M,22.5M,23M,23.5M
Monaco,22.5k,22.8k,23k,23.2k,23.2k,23.3k,23.3k,23.3k,23.3k,23.3k,23.5k,23.7k,24k,24.4k,24.8k,25.2k,25.5k,25.8k,26.1k,26.4k,26.8k,27.2k,27.6k,28.1k,28.5k,28.8k,29.1k,29.2k,29.2k,29.3k,29.4k,29.6k,29.9k,30.1k,30.4k,30.7k,31k,31.3k,31.6k,31.8k,32.1k,32.5k,32.8k,33.1k,33.5k,33.8k,34.2k,34.5k,34.9k,35.2k,35.6k,36k,36.5k,36.9k,37.3k,37.7k,38.1k,38.4k,38.7k,39k,39.2k
Moldova,479k,507k,536k,565k,595k,626k,657k,688k,720k,752k,784k,815k,848k,880k,914k,946k,978k,1.01M,1.04M,1.07M,1.1M,1.13M,1.17M,1.2M,1.23M,1.27M,1.3M,1.33M,1.37M,1.39M,1.39M,1.39M,1.39M,1.38M,1.38M,1.37M,1.36M,1.34M,1.33M,1.32M,1.3M,1.29M,1.27M,1.26M,1.24M,1.24M,1.23M,1.23M,1.22M,1.22M,1.22M,1.22M,1.22M,1.22M,1.21M,1.2M,1.19M,1.17M,1.15M,1.14M,1.12M
Madagascar,543k,573k,605k,640k,676k,714k,754k,794k,836k,880k,927k,982k,1.04M,1.1M,1.17M,1.23M,1.3M,1.37M,1.45M,1.53M,1.61M,1.7M,1.8M,1.9M,2M,2.11M,2.22M,2.34M,2.46M,2.59M,2.73M,2.88M,3.04M,3.2M,3.34M,3.48M,3.62M,3.78M,3.94M,4.1M,4.28M,4.45M,4.64M,4.83M,5.02M,5.28M,5.56M,5.84M,6.13M,6.44M,6.76M,7.08M,7.43M,7.78M,8.15M,8.53M,8.93M,9.34M,9.77M,10.2M,10.7M
Maldives,10k,10.4k,10.7k,11.1k,11.4k,11.8k,12k,12.2k,12.7k,13.2k,13.8k,15.3k,17.1k,19.1k,21.2k,23.6k,26.1k,28.9k,31.2k,33.1k,35.2k,37.5k,40k,42.8k,45.6k,48.3k,50.2k,52.1k,54k,55.9k,57.7k,59.2k,60.8k,62.2k,63.6k,65.2k,67.4k,69.6k,71.8k,74.2k,77.4k,82.6k,88.4k,94.6k,101k,108k,114k,118k,122k,127k,133k,140k,148k,157k,166k,175k,185k,195k,205k,214k,220k
Mexico,19.2M,20.1M,21.1M,22.1M,23.1M,24.2M,25.4M,26.6M,27.8M,29.1M,30.4M,31.7M,33.1M,34.5M,36M,37.4M,38.9M,40.4M,41.9M,43.4M,45M,46.4M,47.9M,49.4M,50.9M,52.4M,53.9M,55.4M,56.9M,58.4M,60M,61.4M,62.9M,64.3M,65.8M,67.3M,68.6M,69.9M,71.3M,72.6M,73.9M,75.3M,76.6M,78M,79.4M,80.9M,82.4M,84M,85.6M,87.2M,88.8M,90.4M,91.9M,93.5M,95.1M,96.6M,98.1M,99.7M,101M,103M,104M
Marshall Islands,5220,5570,5960,6410,6890,7370,7870,8380,9150,9980,10.9k,12k,13.1k,14.3k,15k,15.5k,16k,16.4k,16.8k,17.3k,17.8k,18.8k,19.9k,21.1k,22.4k,23.7k,25.2k,26.8k,28.3k,29.7k,30.7k,31.7k,32.4k,32.9k,33.3k,33.7k,33.9k,34k,34.1k,34.3k,34.8k,35.5k,36.5k,37.5k,38.5k,39.3k,39.9k,40.4k,40.8k,41.1k,41.5k,41.8k,42.2k,42.7k,43.1k,43.5k,44k,44.5k,45k,45.5k,46k
North Macedonia,506k,531k,557k,584k,613k,643k,674k,708k,742k,776k,810k,839k,857k,874k,892k,912k,934k,958k,982k,1.01M,1.03M,1.05M,1.06M,1.08M,1.09M,1.1M,1.12M,1.13M,1.14M,1.15M,1.15M,1.16M,1.17M,1.18M,1.18M,1.18M,1.18M,1.18M,1.18M,1.19M,1.19M,1.19M,1.17M,1.17M,1.17M,1.17M,1.17M,1.17M,1.17M,1.17M,1.17M,1.18M,1.18M,1.18M,1.18M,1.19M,1.19M,1.2M,1.2M,1.21M,1.21M
Mali,582k,605k,628k,651k,676k,702k,729k,757k,787k,819k,852k,888k,927k,967k,1.01M,1.05M,1.1M,1.15M,1.2M,1.25M,1.31M,1.37M,1.44M,1.51M,1.58M,1.65M,1.71M,1.78M,1.84M,1.9M,1.97M,2.05M,2.14M,2.24M,2.34M,2.45M,2.56M,2.67M,2.79M,2.94M,3.1M,3.28M,3.46M,3.66M,3.87M,4.1M,4.33M,4.59M,4.86M,5.13M,5.42M,5.71M,6.01M,6.32M,6.64M,6.97M,7.33M,7.7M,8.08M,8.48M,8.89M
Malta,294k,293k,292k,290k,289k,286k,283k,279k,276k,273k,271k,272k,271k,271k,271k,273k,274k,276k,278k,281k,284k,286k,293k,297k,297k,302k,308k,310k,313k,317k,320k,329k,333k,337k,340k,343k,346k,350k,354k,357k,360k,364k,368k,371k,375k,378k,380k,382k,385k,388k,390k,392k,396k,402k,410k,420k,430k,442k,459k,477k,488k
Myanmar,4.18M,4.35M,4.52M,4.7M,4.89M,5.09M,5.3M,5.51M,5.74M,5.98M,6.23M,6.48M,6.74M,6.99M,7.15M,7.32M,7.49M,7.67M,7.84M,8.02M,8.2M,8.39M,8.57M,8.77M,9.02M,9.26M,9.5M,9.74M,9.98M,10.2M,10.4M,10.6M,10.9M,11.1M,11.3M,11.5M,11.7M,11.9M,12.2M,12.4M,12.6M,12.8M,13.1M,13.3M,13.5M,13.7M,13.9M,14.1M,14.2M,14.4M,14.6M,14.8M,15M,15.3M,15.5M,15.7M,16M,16.2M,16.4M,16.7M,16.9M
Montenegro,90.3k,95.8k,102k,108k,114k,119k,123k,127k,130k,133k,138k,143k,150k,157k,165k,173k,180k,188k,195k,203k,211k,220k,229k,238k,248k,256k,264k,271k,278k,284k,291k,298k,306k,313k,320k,326k,332k,338k,343k,349k,354k,362k,369k,377k,381k,384k,386k,389k,392k,395k,397k,400k,402k,405k,407k,409k,412k,414k,416k,418k,419k
Mongolia,341k,370k,402k,428k,447k,466k,486k,507k,528k,551k,576k,603k,631k,660k,689k,720k,751k,783k,815k,848k,880k,913k,947k,982k,1.02M,1.06M,1.1M,1.14M,1.19M,1.22M,1.25M,1.26M,1.28M,1.29M,1.3M,1.31M,1.31M,1.32M,1.33M,1.35M,1.37M,1.41M,1.45M,1.49M,1.53M,1.58M,1.63M,1.67M,1.73M,1.78M,1.84M,1.88M,1.92M,1.96M,2M,2.05M,2.09M,2.13M,2.17M,2.21M,2.25M
Northern Mariana Islands,5110,5400,5660,5910,6170,6480,6830,7230,7840,8480,9110,9750,10.4k,11.1k,11.6k,12k,12.3k,12.5k,12.8k,13.4k,14.4k,15.8k,17.6k,19.9k,22.5k,25.4k,28.7k,32.4k,36k,39k,41.1k,41.9k,41.7k,41k,40.6k,41.1k,42.6k,44.9k,47.7k,50.1k,51.8k,52.6k,52.8k,52.4k,51.8k,51.2k,50.7k,50.1k,49.6k,49.2k,49.1k,49.2k,49.5k,50k,50.5k,51k,51.4k,51.8k,52.1k,52.5k,52.8k
Mozambique,493k,518k,544k,572k,601k,632k,664k,698k,734k,772k,811k,858k,914k,972k,1.04M,1.1M,1.18M,1.26M,1.35M,1.44M,1.53M,1.67M,1.83M,2M,2.17M,2.34M,2.5M,2.66M,2.83M,3.02M,3.25M,3.4M,3.59M,3.81M,4.03M,4.26M,4.47M,4.68M,4.83M,4.99M,5.15M,5.33M,5.53M,5.73M,5.94M,6.15M,6.36M,6.58M,6.87M,7.17M,7.49M,7.82M,8.17M,8.53M,8.91M,9.3M,9.72M,10.2M,10.6M,11.1M,11.6M
Mauritania,58.5k,65.1k,72.4k,80.5k,89.5k,99.5k,110k,123k,136k,151k,167k,185k,204k,225k,249k,274k,301k,329k,358k,389k,422k,457k,495k,535k,578k,623k,670k,720k,764k,782k,800k,818k,837k,856k,876k,895k,916k,936k,957k,979k,1M,1.04M,1.1M,1.15M,1.21M,1.27M,1.34M,1.41M,1.48M,1.55M,1.63M,1.71M,1.79M,1.88M,1.97M,2.07M,2.16M,2.26M,2.36M,2.47M,2.57M
Mauritius,232k,244k,256k,268k,280k,292k,304k,316k,328k,340k,352k,364k,376k,379k,383k,388k,392k,396k,399k,404k,409k,413k,416k,418k,425k,432k,438k,445k,451k,458k,465k,469k,473k,478k,483k,486k,489k,494k,498k,503k,506k,509k,511k,514k,516k,517k,518k,519k,520k,520k,520k,519k,519k,519k,518k,518k,517k,516k,516k,516k,516k
Malawi,161k,168k,176k,185k,194k,203k,213k,228k,246k,265k,285k,306k,330k,355k,382k,412k,444k,480k,509k,537k,566k,594k,623k,654k,692k,739k,797k,866k,944k,1.02M,1.09M,1.14M,1.18M,1.22M,1.26M,1.31M,1.37M,1.44M,1.52M,1.58M,1.63M,1.68M,1.73M,1.79M,1.84M,1.9M,1.96M,2.03M,2.1M,2.18M,2.26M,2.34M,2.43M,2.53M,2.63M,2.73M,2.84M,2.95M,3.07M,3.2M,3.33M
Malaysia,2.17M,2.29M,2.42M,2.56M,2.71M,2.85M,3M,3.14M,3.3M,3.45M,3.61M,3.79M,3.98M,4.17M,4.37M,4.58M,4.8M,5.04M,5.28M,5.54M,5.8M,6.05M,6.31M,6.57M,6.85M,7.16M,7.49M,7.84M,8.21M,8.59M,8.98M,9.37M,9.85M,10.3M,10.9M,11.4M,12M,12.6M,13.2M,13.8M,14.4M,14.9M,15.5M,16M,16.5M,17.1M,17.7M,18.3M,18.9M,19.4M,20M,20.5M,21M,21.5M,22M,22.5M,23M,23.5M,24M,24.5M,25M
Namibia,114k,119k,125k,131k,137k,144k,150k,158k,165k,174k,182k,190k,198k,207k,216k,224k,232k,240k,248k,257k,265k,274k,283k,293k,304k,316k,330k,346k,363k,380k,396k,412k,430k,448k,467k,485k,504k,523k,543k,562k,581k,600k,625k,652k,680k,710k,741k,774k,809k,845k,882k,920k,959k,1000k,1.04M,1.09M,1.13M,1.18M,1.22M,1.27M,1.32M
New Caledonia,29.5k,31.5k,33.5k,35.7k,38k,40.4k,43.1k,46k,48.9k,52.5k,57.4k,62.4k,66.3k,68.9k,71.2k,73.1k,74.9k,76.5k,77.9k,79k,80.4k,82.5k,84.8k,87k,89k,90.9k,92.8k,94.9k,97k,99.2k,102k,105k,108k,111k,114k,117k,119k,123k,126k,129k,132k,135k,139k,142k,145k,149k,152k,156k,160k,164k,168k,172k,176k,181k,185k,186k,188k,190k,191k,193k,195k
Niger,196k,206k,215k,231k,248k,267k,286k,311k,337k,366k,397k,430k,466k,505k,547k,592k,641k,695k,736k,770k,805k,842k,880k,920k,962k,1.01M,1.05M,1.1M,1.15M,1.19M,1.23M,1.28M,1.33M,1.38M,1.44M,1.5M,1.56M,1.62M,1.69M,1.76M,1.83M,1.91M,1.98M,2.06M,2.13M,2.21M,2.3M,2.38M,2.48M,2.57M,2.67M,2.78M,2.88M,3M,3.12M,3.25M,3.39M,3.53M,3.69M,3.85M,4.02M
Nigeria,6.96M,7.2M,7.46M,7.73M,8.01M,8.3M,8.6M,8.91M,9.24M,9.58M,9.94M,10.4M,10.9M,11.4M,11.9M,12.5M,13.2M,13.9M,14.6M,15.4M,16.1M,17.1M,18.1M,19.2M,20.3M,21.4M,22.7M,24M,25.3M,26.8M,28.3M,29.5M,30.7M,32M,33.4M,34.8M,36.2M,37.7M,39.3M,40.9M,42.6M,44.7M,46.9M,49.3M,51.7M,54.3M,56.9M,59.7M,62.7M,65.7M,68.9M,72.2M,75.7M,79.2M,82.9M,86.7M,90.5M,94.5M,98.6M,103M,107M
Nicaragua,702k,732k,764k,798k,840k,883k,929k,976k,1.03M,1.08M,1.13M,1.19M,1.23M,1.28M,1.32M,1.37M,1.42M,1.48M,1.53M,1.59M,1.64M,1.7M,1.76M,1.81M,1.87M,1.93M,1.99M,2.04M,2.1M,2.16M,2.22M,2.28M,2.34M,2.41M,2.47M,2.53M,2.59M,2.64M,2.7M,2.75M,2.8M,2.85M,2.9M,2.94M,2.99M,3.04M,3.09M,3.15M,3.2M,3.26M,3.31M,3.37M,3.43M,3.49M,3.54M,3.6M,3.66M,3.72M,3.78M,3.85M,3.91M
Netherlands,6.86M,6.99M,7.11M,7.23M,7.35M,7.47M,7.59M,7.7M,7.8M,7.92M,8.04M,8.17M,8.29M,8.41M,8.52M,8.63M,8.75M,8.84M,8.94M,9.05M,9.16M,9.28M,9.38M,9.47M,9.57M,9.67M,9.78M,9.9M,10M,10.1M,10.3M,10.4M,10.7M,10.9M,11.1M,11.3M,11.4M,11.6M,11.8M,12M,12.2M,12.5M,12.8M,13M,13.3M,13.5M,13.7M,13.8M,14M,14.3M,14.5M,14.7M,14.8M,15M,15.1M,15.3M,15.4M,15.6M,15.8M,15.9M,16.1M
Curaçao,93.3k,94.7k,96.9k,99.3k,102k,104k,105k,107k,109k,111k,114k,116k,117k,117k,118k,120k,120k,121k,120k,120k,121k,122k,124k,125k,126k,127k,128k,127k,126k,124k,123k,123k,123k,124k,126k,127k,129k,131k,129k,126k,121k,117k,117k,120k,122k,125k,128k,130k,132k,132k,134k,135k,136k,138k,139k,141k,143k,143k,142k,140k,138k
Norway,1.79M,1.84M,1.92M,1.99M,2.07M,2.14M,2.22M,2.3M,2.38M,2.46M,2.53M,2.58M,2.62M,2.66M,2.7M,2.73M,2.76M,2.8M,2.83M,2.85M,2.88M,2.9M,2.92M,2.93M,2.95M,2.96M,2.98M,3M,3.02M,3.04M,3.05M,3.08M,3.11M,3.15M,3.19M,3.22M,3.24M,3.28M,3.32M,3.37M,3.41M,3.45M,3.48M,3.52M,3.55M,3.59M,3.63M,3.68M,3.74M,3.81M,3.87M,3.94M,4.01M,4.08M,4.15M,4.21M,4.27M,4.32M,4.37M,4.42M,4.46M
Nepal,352k,367k,377k,387k,398k,410k,422k,435k,449k,463k,478k,494k,528k,565k,605k,648k,694k,744k,797k,854k,915k,980k,1.04M,1.11M,1.17M,1.25M,1.32M,1.4M,1.48M,1.58M,1.67M,1.78M,1.91M,2.05M,2.2M,2.35M,2.51M,2.67M,2.84M,3.02M,3.21M,3.4M,3.52M,3.65M,3.77M,3.9M,4.03M,4.16M,4.29M,4.42M,4.53M,4.63M,4.71M,4.8M,4.89M,5.01M,5.16M,5.34M,5.55M,5.77M,6M
Nauru,4380,4630,4940,5270,5590,5860,6070,6220,6340,6450,6550,6670,6800,6930,7060,7180,7280,7400,7510,7630,7750,7870,8020,8160,8330,8500,8680,8870,9060,9280,9510,9770,10k,10.3k,10.5k,10.6k,10.7k,10.6k,10.6k,10.4k,10.3k,10.2k,10.1k,9990,9910,9850,9830,9850,9880,9950,10k,10.1k,10.1k,10.2k,10.3k,10.4k,10.5k,10.6k,10.7k,10.8k,10.8k
New Zealand,1.8M,1.85M,1.91M,1.97M,2.02M,2.07M,2.13M,2.18M,2.21M,2.24M,2.28M,2.32M,2.38M,2.43M,2.49M,2.55M,2.58M,2.59M,2.6M,2.59M,2.6M,2.61M,2.64M,2.67M,2.7M,2.72M,2.72M,2.75M,2.77M,2.79M,2.82M,2.97M,3.01M,3.05M,3.09M,3.14M,3.2M,3.24M,3.28M,3.3M,3.32M,3.34M,3.4M,3.47M,3.53M,3.57M,3.62M,3.65M,3.68M,3.71M,3.75M,3.77M,3.8M,3.83M,3.9M,3.98M,4.07M,4.16M,4.24M,4.31M,4.41M
Oman,90.5k,98.7k,108k,117k,128k,140k,152k,166k,181k,197k,215k,234k,256k,280k,307k,337k,371k,410k,452k,498k,549k,604k,663k,725k,790k,855k,920k,985k,1.05M,1.12M,1.2M,1.28M,1.38M,1.47M,1.54M,1.58M,1.6M,1.61M,1.61M,1.61M,1.62M,1.64M,1.67M,1.71M,1.76M,1.82M,1.88M,1.95M,2.04M,2.15M,2.29M,2.48M,2.71M,2.97M,3.23M,3.47M,3.7M,3.9M,4.08M,4.25M,4.41M
Pakistan,9.94M,10.4M,10.7M,11.1M,11.5M,12M,12.4M,12.9M,13.4M,13.9M,14.4M,15M,15.6M,16.2M,16.9M,17.6M,18.4M,19.2M,20M,20.9M,21.9M,22.9M,23.9M,24.9M,26M,27.1M,28.2M,29.3M,30.5M,31.7M,32.9M,34.1M,35.4M,36.7M,38M,39.4M,40.9M,42.4M,43.9M,45.4M,46.9M,48.4M,49.9M,51.4M,52.9M,54.5M,56.1M,57.7M,59.4M,61.1M,62.8M,64.5M,66.3M,68.1M,70M,71.8M,73.8M,75.8M,77.8M,79.9M,82.1M
Panama,467k,488k,511k,534k,559k,584k,610k,637k,665k,695k,724k,749k,775k,801k,828k,856k,883k,912k,940k,969k,998k,1.03M,1.06M,1.09M,1.12M,1.16M,1.19M,1.22M,1.26M,1.29M,1.33M,1.38M,1.43M,1.48M,1.54M,1.59M,1.65M,1.71M,1.77M,1.83M,1.88M,1.93M,1.98M,2.02M,2.07M,2.12M,2.17M,2.22M,2.27M,2.32M,2.37M,2.43M,2.48M,2.53M,2.59M,2.65M,2.71M,2.77M,2.83M,2.89M,2.95M
Peru,4.75M,4.95M,5.21M,5.49M,5.78M,6.07M,6.38M,6.7M,7.03M,7.37M,7.73M,8.09M,8.47M,8.8M,9.13M,9.48M,9.83M,10.2M,10.6M,10.9M,11.3M,11.7M,12.1M,12.5M,12.8M,13.2M,13.6M,14M,14.4M,14.8M,15.2M,15.6M,16M,16.4M,16.8M,17.2M,17.7M,18.1M,18.5M,18.9M,19.3M,19.7M,20M,20.3M,20.6M,20.9M,21.2M,21.5M,21.7M,22M,22.2M,22.4M,22.7M,22.9M,23.2M,23.6M,24M,24.4M,24.9M,25.4M,25.8M
Philippines,7.96M,8.3M,8.65M,9.02M,9.39M,9.77M,10.2M,10.5M,11M,11.4M,11.8M,12.3M,12.9M,13.5M,14.1M,14.7M,15.2M,15.8M,16.4M,17M,17.7M,18.7M,19.7M,20.7M,21.8M,22.9M,24.1M,25.3M,26.6M,27.9M,29.1M,29.8M,30.4M,31.1M,31.8M,32.5M,33.2M,33.9M,34.6M,35.3M,36M,36.7M,37.4M,38.1M,38.8M,39.5M,40.1M,40.7M,41.3M,41.9M,42.6M,43.5M,44.4M,45.4M,46.3M,47.3M,48.2M,49.1M,50M,51M,52M
Palau,5550,5740,5930,6100,6260,6410,6550,6670,6780,6900,7050,7230,7440,7650,7800,7890,7880,7800,7690,7620,7620,7790,8070,8400,8760,9120,9430,9680,9920,10.2k,10.5k,10.8k,11.2k,11.5k,11.9k,12.3k,12.5k,12.8k,13k,13.3k,13.4k,13.6k,13.7k,13.8k,14k,14.1k,14.1k,13.9k,13.7k,13.6k,13.4k,13.4k,13.4k,13.5k,13.7k,13.8k,14k,14.1k,14.3k,14.5k,14.7k
Papua New Guinea,84k,92.4k,102k,112k,123k,136k,150k,174k,203k,235k,273k,316k,330k,344k,359k,375k,391k,408k,427k,446k,466k,486k,506k,527k,549k,571k,594k,618k,642k,667k,692k,700k,707k,715k,722k,730k,739k,747k,756k,765k,772k,788k,803k,818k,834k,851k,870k,890k,911k,931k,952k,971k,991k,1.01M,1.03M,1.05M,1.08M,1.11M,1.13M,1.16M,1.19M
Poland,14.2M,14.5M,14.8M,15.1M,15.5M,15.8M,16M,16.3M,16.6M,16.8M,17M,17.3M,17.6M,18M,18.4M,18.8M,19.2M,19.6M,20M,20.3M,20.7M,21M,21.3M,21.7M,22M,22.3M,22.6M,22.9M,23.1M,23.2M,23.4M,23.5M,23.5M,23.6M,23.7M,23.7M,23.8M,23.8M,23.8M,23.8M,23.6M,23.6M,23.6M,23.6M,23.5M,23.5M,23.4M,23.3M,23.3M,23.3M,23.2M,23.1M,23.1M,23M,23M,22.9M,22.8M,22.8M,22.8M,22.8M,22.8M
Puerto Rico,1.05M,1.1M,1.16M,1.22M,1.28M,1.34M,1.39M,1.44M,1.48M,1.53M,1.59M,1.64M,1.69M,1.76M,1.82M,1.88M,1.94M,1.99M,2.04M,2.1M,2.17M,2.33M,2.47M,2.61M,2.73M,2.85M,2.95M,3.05M,3.14M,3.22M,3.29M,3.32M,3.34M,3.38M,3.41M,3.45M,3.5M,3.53M,3.56M,3.58M,3.6M,3.6M,3.6M,3.61M,3.6M,3.6M,3.58M,3.56M,3.53M,3.51M,3.49M,3.45M,3.41M,3.37M,3.31M,3.25M,3.19M,3.11M,2.99M,2.99M,3.07M
North Korea,4.59M,4.8M,5M,5.2M,5.42M,5.66M,5.93M,6.23M,6.67M,7.23M,7.81M,8.1M,8.4M,8.69M,8.97M,9.23M,9.39M,9.54M,9.67M,9.8M,9.94M,10.1M,10.3M,10.5M,10.7M,10.9M,11.1M,11.3M,11.4M,11.6M,11.8M,12.1M,12.3M,12.5M,12.7M,12.9M,13.1M,13.2M,13.4M,13.5M,13.6M,13.8M,13.9M,14M,14.2M,14.3M,14.4M,14.5M,14.6M,14.7M,14.8M,14.9M,15.1M,15.2M,15.3M,15.4M,15.6M,15.7M,15.8M,15.9M,16.1M
Portugal,3.1M,3.16M,3.21M,3.26M,3.3M,3.32M,3.33M,3.34M,3.36M,3.36M,3.37M,3.39M,3.42M,3.45M,3.54M,3.71M,3.85M,3.93M,4.01M,4.09M,4.18M,4.26M,4.34M,4.41M,4.48M,4.54M,4.6M,4.65M,4.7M,4.74M,4.78M,4.83M,4.89M,4.96M,5.04M,5.12M,5.21M,5.3M,5.39M,5.49M,5.6M,5.7M,5.8M,5.89M,5.97M,6.04M,6.12M,6.19M,6.27M,6.34M,6.4M,6.46M,6.49M,6.52M,6.55M,6.58M,6.62M,6.66M,6.71M,6.76M,6.83M
Paraguay,677k,697k,718k,740k,763k,787k,812k,838k,864k,891k,917k,944k,971k,1.01M,1.05M,1.09M,1.13M,1.18M,1.22M,1.27M,1.33M,1.38M,1.44M,1.51M,1.58M,1.65M,1.73M,1.81M,1.89M,1.97M,2.06M,2.14M,2.23M,2.32M,2.4M,2.49M,2.58M,2.67M,2.76M,2.85M,2.95M,3.04M,3.13M,3.21M,3.28M,3.36M,3.43M,3.5M,3.56M,3.63M,3.7M,3.77M,3.85M,3.92M,3.99M,4.06M,4.14M,4.21M,4.28M,4.36M,4.44M
Palestine,,,,,,,,,,,,,,,,,,,,,,,,,,,,,,,1.34M,1.41M,1.49M,1.57M,1.65M,1.74M,1.83M,1.93M,1.99M,2.04M,2.1M,2.16M,2.23M,2.29M,2.36M,2.43M,2.5M,2.57M,2.65M,2.73M,2.81M,2.89M,2.97M,3.05M,3.13M,3.22M,3.3M,3.38M,3.48M,3.58M,3.69M
French Polynesia,33k,34.9k,36.9k,39.4k,42.2k,45k,48k,51k,54.1k,57.4k,60.9k,64.3k,67.2k,70.2k,73.3k,76.4k,79.7k,82.8k,85.3k,87.8k,90.5k,93.1k,95.8k,98.5k,101k,104k,106k,109k,112k,114k,116k,117k,119k,120k,122k,124k,125k,128k,130k,133k,135k,137k,139k,142k,145k,149k,151k,154k,156k,158k,161k,163k,165k,166k,167k,168k,170k,171k,172k,173k,174k
Qatar,40.4k,44.1k,48.4k,53.4k,58.6k,64.1k,69.7k,75.6k,81.9k,88.9k,96.8k,106k,116k,126k,136k,146k,155k,162k,171k,183k,200k,222k,249k,278k,307k,334k,360k,384k,407k,426k,442k,455k,465k,472k,480k,488k,498k,512k,529k,548k,571k,594k,620k,660k,731k,843k,999k,1.19M,1.41M,1.63M,1.83M,2.01M,2.17M,2.31M,2.43M,2.54M,2.63M,2.7M,2.76M,2.81M,2.86M
Romania,6.3M,6.47M,6.65M,6.82M,7M,7.17M,7.37M,7.59M,7.79M,7.97M,8.16M,8.35M,8.54M,8.71M,8.9M,9.12M,9.34M,9.56M,9.8M,10M,10.2M,10.5M,10.7M,10.9M,11.1M,11.3M,11.5M,11.7M,11.9M,12.2M,12.3M,12.4M,12.4M,12.3M,12.3M,12.2M,12.1M,12.1M,12M,11.9M,11.9M,11.7M,11.5M,11.4M,11.4M,11.3M,11.3M,11.2M,11M,10.9M,10.9M,10.9M,10.8M,10.8M,10.7M,10.7M,10.6M,10.6M,10.5M,10.5M,10.4M
Russia,64.4M,66.2M,68.1M,69.9M,71.8M,73.7M,75.3M,76.8M,78.4M,79.9M,81.5M,83M,84.5M,86.1M,87.6M,89.1M,90.8M,92.5M,94.2M,95.7M,97M,98.2M,99.5M,101M,102M,103M,105M,106M,107M,108M,109M,109M,109M,109M,109M,109M,109M,109M,108M,108M,108M,107M,107M,106M,106M,105M,105M,105M,105M,105M,105M,105M,106M,106M,106M,107M,107M,107M,108M,108M,108M
Rwanda,76.3k,79.6k,82.7k,85.9k,89.4k,93.2k,97.7k,103k,108k,114k,120k,129k,139k,150k,162k,175k,188k,204k,220k,232k,243k,255k,267k,280k,294k,311k,330k,352k,374k,389k,395k,389k,421k,458k,504k,574k,684k,800k,922k,1.05M,1.18M,1.3M,1.41M,1.45M,1.47M,1.5M,1.53M,1.57M,1.61M,1.66M,1.7M,1.74M,1.79M,1.83M,1.88M,1.93M,1.99M,2.05M,2.12M,2.19M,2.26M
Saudi Arabia,1.28M,1.37M,1.46M,1.58M,1.72M,1.88M,2.04M,2.22M,2.41M,2.61M,2.84M,3.09M,3.37M,3.67M,4M,4.33M,4.67M,5.04M,5.44M,5.89M,6.38M,6.94M,7.55M,8.19M,8.86M,9.53M,10.2M,10.8M,11.3M,11.9M,12.4M,13M,13.5M,13.9M,14.3M,14.7M,15M,15.4M,15.7M,16.1M,16.5M,17M,17.5M,18.1M,18.7M,19.3M,19.9M,20.5M,21.1M,21.8M,22.5M,23.3M,24.1M,24.9M,25.6M,26.4M,27.1M,27.7M,28.3M,28.8M,29.3M
Sudan,811k,873k,939k,1.01M,1.09M,1.17M,1.26M,1.36M,1.46M,1.58M,1.7M,1.83M,1.97M,2.1M,2.2M,2.3M,2.41M,2.52M,2.64M,2.77M,2.9M,3.03M,3.17M,3.37M,3.65M,3.95M,4.26M,4.6M,4.95M,5.34M,5.76M,6.23M,6.75M,7.24M,7.51M,7.77M,8M,8.22M,8.43M,8.64M,8.86M,9.1M,9.36M,9.62M,9.88M,10.1M,10.4M,10.6M,10.9M,11.1M,11.4M,11.7M,12.1M,12.4M,12.8M,13.2M,13.6M,14M,14.5M,15M,15.5M
Senegal,738k,779k,823k,869k,919k,970k,1.03M,1.08M,1.14M,1.21M,1.28M,1.35M,1.42M,1.5M,1.58M,1.66M,1.74M,1.8M,1.86M,1.93M,2M,2.07M,2.16M,2.24M,2.33M,2.43M,2.53M,2.63M,2.74M,2.83M,2.93M,3.03M,3.13M,3.23M,3.34M,3.44M,3.54M,3.64M,3.74M,3.84M,3.95M,4.06M,4.18M,4.31M,4.47M,4.63M,4.79M,4.97M,5.16M,5.35M,5.55M,5.76M,5.98M,6.2M,6.44M,6.69M,6.94M,7.21M,7.48M,7.77M,8.06M
Singapore,1.65M,1.7M,1.75M,1.79M,1.84M,1.89M,1.93M,1.98M,2.01M,2.04M,2.07M,2.11M,2.15M,2.19M,2.23M,2.26M,2.29M,2.33M,2.35M,2.38M,2.41M,2.53M,2.65M,2.68M,2.73M,2.74M,2.73M,2.77M,2.85M,2.93M,3.05M,3.14M,3.23M,3.31M,3.42M,3.52M,3.67M,3.8M,3.93M,3.96M,4.03M,4.14M,4.18M,4.11M,4.17M,4.27M,4.4M,4.59M,4.84M,4.99M,5.08M,5.18M,5.31M,5.4M,5.47M,5.54M,5.61M,5.61M,5.64M,5.7M,5.69M
Solomon Islands,6800,7330,7900,8520,9190,9910,10.7k,11.5k,12.4k,13.4k,14.3k,14.9k,15.5k,16.2k,16.9k,17.6k,18.6k,19.9k,21.3k,22.8k,24.4k,26.1k,27.8k,29.7k,31.6k,33.7k,35.8k,37.6k,39.2k,40.9k,42.7k,44.5k,46.4k,48.4k,50.5k,52.7k,54.9k,57.3k,59.7k,62.2k,65.3k,68.7k,72.3k,76k,79.8k,83.8k,87.8k,92k,96.3k,101k,106k,111k,117k,122k,129k,135k,141k,148k,155k,162k,169k
Sierra Leone,402k,421k,441k,463k,486k,511k,537k,565k,594k,625k,658k,692k,729k,767k,807k,842k,873k,905k,939k,974k,1.01M,1.05M,1.09M,1.13M,1.17M,1.22M,1.27M,1.31M,1.36M,1.4M,1.44M,1.46M,1.47M,1.47M,1.47M,1.48M,1.5M,1.51M,1.54M,1.58M,1.63M,1.71M,1.79M,1.89M,1.99M,2.08M,2.17M,2.26M,2.34M,2.41M,2.49M,2.58M,2.66M,2.75M,2.84M,2.93M,3.02M,3.12M,3.22M,3.32M,3.42M
El Salvador,1.06M,1.1M,1.13M,1.17M,1.21M,1.25M,1.29M,1.33M,1.37M,1.41M,1.45M,1.49M,1.55M,1.61M,1.67M,1.73M,1.79M,1.85M,1.91M,1.97M,2.02M,2.08M,2.14M,2.19M,2.25M,2.3M,2.36M,2.42M,2.48M,2.54M,2.6M,2.66M,2.73M,2.82M,2.93M,3.04M,3.14M,3.25M,3.35M,3.41M,3.47M,3.52M,3.58M,3.63M,3.68M,3.73M,3.78M,3.83M,3.9M,3.98M,4.05M,4.12M,4.19M,4.26M,4.34M,4.41M,4.48M,4.55M,4.62M,4.69M,4.76M
San Marino,7550,7920,8310,8700,9120,9530,9940,10.4k,10.8k,11.1k,11.5k,12.1k,12.6k,13.1k,13.6k,14.2k,14.8k,15.4k,16.1k,16.8k,17.4k,18k,18.6k,19.1k,19.6k,20.1k,20.6k,21.1k,21.3k,21.5k,21.8k,22.1k,22.4k,22.9k,23.4k,23.8k,24.2k,24.6k,24.9k,25.3k,25.7k,26.1k,26.5k,26.8k,27.3k,27.7k,28.1k,28.6k,29k,29.4k,29.9k,30.4k,30.9k,31.4k,31.8k,32.2k,32.5k,32.7k,32.8k,33k,33.1k
Somalia,477k,502k,528k,556k,584k,613k,644k,678k,714k,749k,781k,807k,829k,858k,909k,989k,1.1M,1.25M,1.41M,1.56M,1.68M,1.76M,1.8M,1.82M,1.84M,1.87M,1.91M,1.96M,2.03M,2.09M,2.14M,2.18M,2.21M,2.25M,2.29M,2.35M,2.44M,2.55M,2.68M,2.81M,2.95M,3.09M,3.23M,3.41M,3.6M,3.79M,3.99M,3.81M,4.1M,4.41M,4.73M,5.07M,5.28M,5.5M,5.73M,5.97M,6.22M,6.48M,6.75M,7.03M,7.33M
Serbia,1.92M,2M,2.08M,2.16M,2.24M,2.32M,2.41M,2.5M,2.59M,2.68M,2.77M,2.86M,2.92M,2.97M,3.03M,3.09M,3.15M,3.22M,3.28M,3.34M,3.4M,3.46M,3.51M,3.55M,3.59M,3.63M,3.67M,3.72M,3.75M,3.79M,3.82M,3.86M,3.9M,3.94M,3.98M,3.94M,3.95M,3.96M,3.96M,3.96M,3.97M,3.98M,3.99M,4M,4M,4.01M,4.01M,4.01M,4.01M,4.01M,4.01M,3.99M,3.99M,3.97M,3.96M,3.95M,3.94M,3.93M,3.92M,3.91M,3.89M
South Sudan,249k,253k,257k,262k,267k,272k,278k,283k,289k,295k,302k,308k,315k,323k,330k,338k,346k,354k,363k,373k,384k,395k,408k,431k,472k,514k,557k,602k,647k,690k,729k,763k,791k,810k,805k,812k,835k,873k,920k,972k,1.02M,1.07M,1.12M,1.17M,1.23M,1.29M,1.37M,1.45M,1.53M,1.62M,1.7M,1.77M,1.84M,1.91M,1.97M,2.02M,2.07M,2.11M,2.15M,2.2M,2.26M
Sao Tome and Principe,10.3k,10.9k,11.6k,12.3k,13.2k,14.2k,15.4k,16.8k,18.5k,20.2k,22k,23.1k,23.8k,24.6k,25.4k,26.3k,27.4k,28.5k,29.7k,30.9k,32.1k,33.1k,34.6k,36.3k,38k,39.9k,42.1k,44.4k,46.9k,49.4k,52k,54.6k,57k,59.4k,61.7k,64k,66.4k,68.7k,71k,73.4k,76k,78.7k,81.9k,85.4k,89.1k,93.2k,97.6k,102k,107k,112k,117k,122k,127k,131k,135k,140k,144k,149k,154k,158k,163k
Suriname,136k,140k,144k,148k,152k,155k,159k,162k,165k,168k,169k,169k,172k,179k,186k,193k,201k,209k,217k,225k,234k,234k,235k,236k,238k,241k,245k,250k,255k,261k,266k,272k,277k,282k,287k,292k,296k,301k,305k,309k,313k,317k,321k,325k,329k,333k,337k,340k,344k,347k,351k,355k,358k,362k,366k,369k,373k,377k,380k,384k,388k
Slovak Republic,1.36M,1.42M,1.47M,1.52M,1.57M,1.62M,1.67M,1.72M,1.77M,1.82M,1.86M,1.91M,1.98M,2.05M,2.12M,2.19M,2.27M,2.34M,2.42M,2.5M,2.57M,2.62M,2.67M,2.71M,2.75M,2.8M,2.84M,2.88M,2.92M,2.96M,2.99M,3.01M,3.01M,3.02M,3.03M,3.03M,3.03M,3.04M,3.04M,3.04M,3.03M,3.02M,3.01M,3M,2.99M,2.99M,2.98M,2.97M,2.96M,2.96M,2.95M,2.94M,2.94M,2.93M,2.93M,2.92M,2.92M,2.92M,2.93M,2.93M,2.93M
Slovenia,447k,464k,480k,498k,516k,536k,557k,579k,599k,618k,638k,660k,684k,709k,733k,760k,792k,822k,852k,883k,913k,933k,938k,947k,955k,963k,978k,993k,999k,1M,1.01M,1.01M,1.01M,1.01M,1.01M,1.01M,1.01M,1.01M,1M,1.01M,1.01M,1.01M,1.01M,1.02M,1.02M,1.03M,1.04M,1.05M,1.06M,1.07M,1.08M,1.09M,1.09M,1.1M,1.1M,1.11M,1.12M,1.12M,1.13M,1.14M,1.16M
Sweden,5.43M,5.51M,5.62M,5.72M,5.83M,5.96M,6.08M,6.19M,6.29M,6.4M,6.52M,6.61M,6.65M,6.69M,6.73M,6.78M,6.81M,6.84M,6.86M,6.89M,6.9M,6.91M,6.92M,6.92M,6.93M,6.94M,6.96M,6.98M,7.01M,7.06M,7.11M,7.17M,7.23M,7.28M,7.35M,7.4M,7.42M,7.43M,7.43M,7.44M,7.45M,7.48M,7.51M,7.54M,7.58M,7.61M,7.67M,7.74M,7.81M,7.89M,7.98M,8.06M,8.15M,8.25M,8.36M,8.48M,8.62M,8.76M,8.9M,9.02M,9.11M
Eswatini,13.2k,14.9k,16.8k,19k,21.5k,24.3k,27.5k,30.5k,33.9k,37.7k,41.9k,46.4k,51.5k,57k,63.2k,70k,77.5k,82.4k,86.9k,91.7k,96.9k,102k,108k,114k,121k,128k,135k,142k,150k,158k,166k,174k,182k,190k,198k,207k,215k,222k,225k,227k,228k,229k,229k,228k,227k,227k,227k,228k,231k,235k,239k,243k,247k,250k,253k,257k,261k,266k,270k,275k,280k
Sint Maarten (Dutch part),2830,3080,3370,3700,4060,4460,4900,5360,5860,6350,6850,7370,7890,8430,8980,9560,10.1k,10.8k,11.5k,12.2k,13.1k,14k,15k,16.2k,17.5k,19.1k,21k,23.2k,25.3k,27.3k,28.8k,29.9k,30.5k,30.8k,30.9k,31.2k,31.4k,31.7k,31.2k,31.1k,30.5k,30.6k,30.8k,31.5k,32.5k,33k,33.4k,33.8k,34k,34.2k,34.1k,33.4k,34.6k,36.6k,37.7k,38.8k,40k,40.6k,40.9k,41.6k,42.3k
Seychelles,11.5k,12.3k,13.1k,13.9k,14.8k,15.7k,16.7k,17.7k,18.7k,19.8k,20.9k,22.1k,23.4k,24.6k,25.9k,27.4k,28.9k,30.4k,30.7k,31k,31.2k,31.6k,31.8k,31.7k,31.9k,32.2k,32.4k,33.7k,33.9k,34.1k,34.2k,34.7k,34.9k,35.7k,36.8k,37.4k,38k,38.6k,39.5k,40.4k,40.9k,41.1k,42.6k,42.3k,42.4k,42.8k,44k,44.5k,45.8k,46.2k,47.9k,47k,47.8k,49.1k,50.2k,51.8k,52.9k,53.9k,54.9k,55.8k,56.7k
Syria,1.68M,1.77M,1.85M,1.95M,2.05M,2.15M,2.26M,2.37M,2.49M,2.62M,2.75M,2.87M,3M,3.13M,3.26M,3.4M,3.54M,3.69M,3.84M,4M,4.17M,4.35M,4.53M,4.72M,4.91M,5.1M,5.29M,5.49M,5.69M,5.89M,6.09M,6.3M,6.51M,6.72M,6.94M,7.19M,7.45M,7.72M,7.99M,8.26M,8.52M,8.77M,9M,9.24M,9.52M,9.88M,10.3M,10.8M,11.3M,11.7M,11.9M,11.5M,10.9M,10.3M,9.64M,9.39M,9.23M,9.15M,9.18M,9.36M,9.71M
Turks and Caicos Islands,2780,2820,2850,2860,2870,2870,2880,2890,2900,2930,2980,3080,3190,3340,3480,3630,3750,3870,4000,4160,4360,4730,5140,5590,6070,6530,6980,7420,7870,8400,9010,9680,10.5k,11.3k,12.1k,13k,13.7k,14.4k,15.1k,16k,17.1k,18.4k,20k,21.7k,23.3k,24.7k,25.9k,27k,27.9k,28.7k,29.5k,30.3k,31k,31.8k,32.5k,33.2k,33.8k,34.5k,35.1k,35.7k,36.2k
Chad,201k,213k,226k,240k,256k,278k,302k,329k,357k,388k,421k,459k,500k,542k,588k,636k,687k,741k,798k,822k,848k,876k,905k,936k,971k,1.01M,1.05M,1.09M,1.14M,1.19M,1.24M,1.29M,1.35M,1.41M,1.45M,1.51M,1.56M,1.62M,1.68M,1.74M,1.81M,1.88M,1.96M,2.04M,2.12M,2.2M,2.28M,2.37M,2.45M,2.54M,2.63M,2.73M,2.83M,2.94M,3.06M,3.18M,3.3M,3.43M,3.57M,3.71M,3.86M
Togo,160k,175k,191k,209k,230k,255k,286k,322k,364k,409k,450k,472k,493k,513k,532k,553k,573k,595k,617k,642k,671k,704k,740k,780k,822k,864k,907k,950k,993k,1.04M,1.08M,1.12M,1.16M,1.2M,1.25M,1.3M,1.35M,1.42M,1.48M,1.55M,1.62M,1.69M,1.76M,1.83M,1.9M,1.97M,2.05M,2.14M,2.23M,2.32M,2.41M,2.51M,2.61M,2.72M,2.83M,2.94M,3.05M,3.17M,3.29M,3.41M,3.54M
Thailand,5.39M,5.58M,5.78M,5.99M,6.21M,6.43M,6.67M,6.91M,7.15M,7.4M,7.7M,8.14M,8.6M,9.07M,9.56M,10.1M,10.6M,11.1M,11.6M,12.2M,12.7M,13.1M,13.5M,13.8M,14.2M,14.6M,15M,15.4M,15.9M,16.3M,16.6M,16.9M,17.2M,17.5M,17.7M,18M,18.3M,18.6M,19M,19.3M,19.8M,20.7M,21.6M,22.6M,23.5M,24.5M,25.5M,26.4M,27.4M,28.4M,29.5M,30.2M,30.8M,31.5M,32.1M,32.8M,33.4M,34.1M,34.7M,35.3M,35.9M
Tajikistan,692k,725k,759k,796k,835k,875k,915k,957k,1M,1.04M,1.08M,1.11M,1.13M,1.16M,1.18M,1.21M,1.23M,1.26M,1.28M,1.31M,1.34M,1.37M,1.4M,1.44M,1.47M,1.51M,1.55M,1.59M,1.63M,1.66M,1.67M,1.68M,1.68M,1.68M,1.67M,1.66M,1.66M,1.65M,1.64M,1.64M,1.65M,1.67M,1.7M,1.73M,1.77M,1.8M,1.84M,1.87M,1.91M,1.95M,2M,2.04M,2.09M,2.14M,2.2M,2.26M,2.33M,2.4M,2.47M,2.55M,2.62M
Turkmenistan,744k,772k,801k,831k,861k,892k,923k,954k,986k,1.02M,1.05M,1.08M,1.11M,1.14M,1.17M,1.2M,1.23M,1.26M,1.3M,1.33M,1.35M,1.38M,1.41M,1.43M,1.46M,1.49M,1.52M,1.55M,1.58M,1.62M,1.66M,1.7M,1.75M,1.8M,1.84M,1.88M,1.93M,1.97M,2.01M,2.04M,2.07M,2.11M,2.14M,2.17M,2.2M,2.24M,2.28M,2.32M,2.36M,2.41M,2.47M,2.53M,2.59M,2.66M,2.73M,2.8M,2.87M,2.95M,3.02M,3.09M,3.17M
Timor-Leste,47.9k,49.5k,51.7k,54k,56.4k,59k,61.6k,64.4k,67.2k,70.3k,73.7k,77.3k,81.3k,85.3k,88.9k,91.8k,93.8k,95k,95.8k,96.9k,98.9k,102k,106k,111k,116k,122k,128k,134k,140k,146k,154k,161k,169k,176k,184k,190k,196k,200k,204k,209k,215k,222k,230k,240k,250k,259k,268k,277k,285k,294k,303k,313k,322k,332k,342k,353k,364k,376k,388k,400k,413k
Tonga,10.8k,11.4k,12.1k,12.9k,13.7k,14.5k,15.3k,15.9k,16.3k,16.7k,17k,17.3k,17.5k,17.6k,17.8k,18k,18.2k,18.5k,18.9k,19.3k,19.7k,20k,20.2k,20.4k,20.7k,20.9k,21.2k,21.3k,21.4k,21.5k,21.6k,21.7k,21.7k,21.8k,21.9k,21.9k,22k,22.2k,22.3k,22.4k,22.5k,22.7k,22.8k,23k,23.2k,23.4k,23.6k,23.8k,24.1k,24.2k,24.3k,24.3k,24.1k,23.8k,23.6k,23.5k,23.5k,23.6k,23.9k,24.1k,24.4k
Trinidad and Tobago,290k,303k,315k,328k,340k,351k,362k,373k,384k,395k,407k,420k,435k,450k,466k,482k,499k,515k,532k,550k,567k,578k,590k,601k,612k,623k,632k,640k,647k,654k,661k,668k,674k,680k,685k,690k,694k,698k,701k,705k,708k,709k,709k,710k,712k,713k,714k,714k,715k,716k,718k,719k,722k,725k,728k,731k,734k,736k,739k,742k,745k
Tunisia,1.57M,1.61M,1.65M,1.7M,1.75M,1.81M,1.87M,1.95M,2.03M,2.11M,2.2M,2.29M,2.39M,2.49M,2.59M,2.69M,2.79M,2.89M,2.99M,3.1M,3.22M,3.35M,3.49M,3.63M,3.78M,3.95M,4.11M,4.27M,4.44M,4.6M,4.78M,4.95M,5.13M,5.31M,5.48M,5.61M,5.73M,5.85M,5.96M,6.06M,6.16M,6.25M,6.34M,6.42M,6.51M,6.59M,6.68M,6.78M,6.88M,6.99M,7.09M,7.19M,7.29M,7.39M,7.5M,7.61M,7.73M,7.85M,7.97M,8.1M,8.22M
Turkey,8.66M,9.03M,9.4M,9.79M,10.2M,10.6M,11.1M,11.6M,12.2M,12.7M,13.3M,13.9M,14.5M,15.1M,15.7M,16.3M,16.9M,17.5M,18M,18.6M,19.3M,20.3M,21.6M,23M,24.4M,25.8M,27M,28.2M,29.5M,30.7M,31.9M,32.9M,33.7M,34.6M,35.5M,36.3M,37.2M,38.1M,39.1M,40M,40.9M,41.9M,43M,44M,45M,46.1M,47.1M,48M,49M,50.1M,51.2M,52.4M,53.7M,55.1M,56.4M,57.8M,59.2M,60.5M,61.9M,63.1M,64.2M
Tuvalu,846,876,908,939,974,1010,1060,1110,1160,1210,1270,1320,1360,1410,1480,1560,1680,1820,1980,2130,2280,2400,2510,2610,2700,2810,2960,3120,3290,3460,3620,3790,3900,3970,4030,4090,4140,4180,4220,4260,4320,4400,4490,4630,4810,4970,5130,5290,5440,5600,5770,5930,6100,6270,6450,6630,6810,6990,7180,7370,7550
Tanzania,527k,558k,591k,626k,662k,702k,743k,787k,866k,959k,1.06M,1.18M,1.31M,1.45M,1.6M,1.77M,1.96M,2.16M,2.38M,2.54M,2.7M,2.86M,3.04M,3.22M,3.42M,3.63M,3.84M,4.07M,4.31M,4.53M,4.76M,5M,5.27M,5.54M,5.82M,6.09M,6.36M,6.62M,6.89M,7.17M,7.47M,7.8M,8.14M,8.58M,9.05M,9.55M,10.1M,10.6M,11.2M,11.8M,12.5M,13.2M,13.9M,14.6M,15.4M,16.3M,17.2M,18.1M,19M,20M,21M
Uganda,299k,322k,348k,376k,407k,440k,476k,514k,555k,599k,627k,652k,676k,702k,728k,756k,786k,818k,852k,888k,937k,1M,1.08M,1.16M,1.24M,1.33M,1.43M,1.54M,1.66M,1.79M,1.92M,2.06M,2.19M,2.33M,2.47M,2.62M,2.78M,2.94M,3.12M,3.3M,3.5M,3.71M,3.93M,4.17M,4.43M,4.7M,4.98M,5.28M,5.59M,5.93M,6.29M,6.66M,7.06M,7.48M,7.94M,8.43M,8.97M,9.55M,10.2M,10.8M,11.4M
Ukraine,20M,20.5M,21.1M,21.7M,22.3M,22.9M,23.5M,24.1M,24.7M,25.3M,25.8M,26.4M,26.9M,27.4M,28M,28.5M,29M,29.5M,29.9M,30.4M,30.8M,31.3M,31.7M,32.1M,32.5M,32.9M,33.3M,33.8M,34.2M,34.5M,34.6M,34.7M,34.9M,34.9M,34.7M,34.5M,34.2M,33.9M,33.6M,33.3M,33M,32.7M,32.4M,32.2M,32.1M,31.9M,31.8M,31.7M,31.6M,31.5M,31.5M,31.4M,31.4M,31.3M,31.2M,31.2M,31.1M,31M,30.9M,30.8M,30.7M
Uruguay,2.04M,2.07M,2.1M,2.13M,2.16M,2.19M,2.22M,2.25M,2.27M,2.3M,2.31M,2.33M,2.34M,2.34M,2.35M,2.36M,2.38M,2.41M,2.43M,2.46M,2.49M,2.52M,2.54M,2.57M,2.6M,2.63M,2.65M,2.68M,2.71M,2.74M,2.77M,2.8M,2.83M,2.86M,2.89M,2.92M,2.95M,2.98M,3.01M,3.03M,3.06M,3.07M,3.08M,3.09M,3.09M,3.1M,3.11M,3.12M,3.14M,3.16M,3.17M,3.19M,3.2M,3.21M,3.23M,3.24M,3.26M,3.27M,3.29M,3.3M,3.32M
United States,126M,129M,132M,135M,137M,140M,142M,144M,146M,149M,151M,153M,155M,156M,157M,159M,161M,162M,164M,166M,168M,170M,172M,173M,175M,177M,179M,181M,183M,185M,188M,192M,195M,199M,202M,206M,209M,213M,216M,220M,223M,226M,228M,231M,234M,236M,239M,242M,245M,247M,250M,252M,255M,257M,259M,262M,264M,267M,269M,271M,274M
Uzbekistan,2.9M,3.02M,3.14M,3.28M,3.42M,3.57M,3.73M,3.9M,4.08M,4.25M,4.44M,4.63M,4.82M,5.01M,5.21M,5.42M,5.64M,5.87M,6.1M,6.31M,6.48M,6.65M,6.83M,7M,7.18M,7.35M,7.54M,7.72M,7.91M,8.15M,8.48M,8.77M,9.07M,9.39M,9.68M,9.96M,10.3M,10.6M,10.9M,11.1M,11.4M,11.6M,11.9M,12.2M,12.4M,12.7M,13M,13.3M,13.6M,14M,14.6M,15M,15.2M,15.4M,15.6M,15.9M,16.1M,16.4M,16.6M,16.9M,17.3M
St. Vincent and the Grenadines,21k,21.7k,22.4k,23k,23.6k,24.3k,25k,25.6k,26.3k,27k,27.8k,28.5k,29.3k,30.1k,30.9k,31.8k,32.6k,33.5k,34.3k,35.2k,36.1k,36.9k,37.8k,38.6k,39.5k,40.3k,41.2k,42.1k,42.9k,43.7k,44.5k,45.2k,45.7k,46.1k,46.5k,46.9k,47.2k,47.6k,47.9k,48.3k,48.7k,49.1k,49.6k,50.1k,50.6k,51.1k,51.5k,51.9k,52.2k,52.6k,53k,53.5k,54k,54.5k,55k,55.6k,56.2k,56.9k,57.5k,58.2k,58.8k
Venezuela,5.02M,5.31M,5.59M,5.88M,6.18M,6.5M,6.82M,7.15M,7.49M,7.84M,8.19M,8.55M,8.9M,9.26M,9.62M,10M,10.4M,10.8M,11.2M,11.6M,12M,12.5M,12.9M,13.3M,13.7M,14.2M,14.6M,15.1M,15.6M,16.1M,16.5M,17M,17.5M,17.9M,18.4M,18.9M,19.3M,19.8M,20.3M,20.7M,21.2M,21.7M,22.1M,22.5M,22.9M,23.2M,23.6M,24M,24.3M,24.7M,25.1M,25.5M,25.9M,26.2M,26.5M,26.5M,26.3M,25.9M,25.5M,25.2M,25.1M
British Virgin Islands,985,1030,1080,1140,1200,1260,1330,1400,1480,1550,1640,1720,1810,1900,1990,2080,2170,2260,2360,2470,2610,2840,3110,3420,3760,4150,4580,5060,5570,6090,6610,7080,7300,7490,7650,7800,7940,8050,8170,8310,8490,8690,8940,9240,9580,9980,10.5k,11k,11.5k,12k,12.5k,12.8k,13k,13.2k,13.4k,13.6k,13.8k,14k,14.2k,14.5k,14.7k
Virgin Islands (U.S.),18.4k,19.8k,20.7k,24.1k,25.3k,27.5k,29.8k,32.3k,37.4k,41.2k,44.2k,50.2k,54.9k,61.5k,66.7k,71.1k,73.4k,72k,75.1k,76.2k,79.9k,80.9k,81.9k,83k,84k,84.9k,85.7k,86.5k,87.2k,88k,91.2k,92.5k,93.9k,95.3k,96.5k,97.5k,98.3k,99k,99.6k,100k,101k,101k,101k,101k,101k,102k,102k,102k,102k,102k,102k,103k,103k,103k,103k,103k,103k,103k,102k,102k,102k
Vietnam,4.8M,5.06M,5.33M,5.61M,5.91M,6.22M,6.54M,6.87M,7.22M,7.58M,7.94M,8.18M,8.42M,8.66M,8.9M,9.15M,9.4M,9.65M,9.91M,10.2M,10.4M,10.7M,11M,11.3M,11.6M,11.9M,12.2M,12.5M,12.9M,13.2M,13.8M,14.3M,14.9M,15.5M,16M,16.6M,17.2M,17.7M,18.3M,18.8M,19.5M,20.1M,20.8M,21.5M,22.2M,22.9M,23.6M,24.3M,25.1M,25.9M,26.8M,27.6M,28.5M,29.4M,30.4M,31.3M,32.3M,33.3M,34.3M,35.3M,36.3M
Vanuatu,6630,6950,7300,7660,8030,8410,8800,9200,9610,10.1k,10.5k,11k,11.6k,12.1k,12.8k,13.4k,14k,14.7k,15.4k,16.2k,17k,17.9k,18.8k,19.8k,20.7k,21.7k,22.8k,23.9k,25.1k,26.3k,27.4k,28.6k,29.9k,31.3k,32.6k,33.9k,35.1k,36.3k,37.5k,38.8k,40.1k,41.5k,43.1k,44.8k,46.6k,48.3k,50.1k,52k,53.9k,55.9k,57.8k,59.6k,61.5k,63.5k,65.6k,67.7k,69.8k,71.8k,74k,76.2k,78.4k
Samoa,20.6k,21.3k,22.1k,22.9k,23.7k,24.5k,25.3k,26.3k,27.3k,28.2k,29.1k,30k,30.6k,31k,31.4k,31.8k,32.1k,32.3k,32.5k,32.7k,32.9k,33.1k,33.4k,33.6k,33.8k,33.9k,34k,34.1k,34.2k,34.3k,34.5k,34.8k,35.2k,35.7k,36.2k,36.6k,37k,37.3k,37.7k,38k,38.3k,38.7k,38.7k,38.5k,38.3k,38.1k,37.9k,37.8k,37.6k,37.5k,37.3k,37.2k,37.1k,37k,36.8k,36.6k,36.3k,36k,35.8k,35.6k,35.5k
Yemen,484k,510k,538k,568k,599k,632k,666k,703k,741k,781k,824k,855k,888k,924k,963k,1.01M,1.06M,1.11M,1.17M,1.24M,1.31M,1.39M,1.47M,1.56M,1.66M,1.76M,1.87M,1.99M,2.13M,2.28M,2.45M,2.64M,2.86M,3.09M,3.32M,3.54M,3.75M,3.95M,4.15M,4.36M,4.57M,4.8M,5.04M,5.29M,5.55M,5.82M,6.1M,6.4M,6.7M,7.02M,7.36M,7.71M,8.07M,8.44M,8.82M,9.22M,9.62M,10M,10.4M,10.9M,11.3M
South Africa,7.97M,8.2M,8.43M,8.66M,8.91M,9.16M,9.42M,9.69M,9.97M,10.3M,10.6M,10.8M,11.2M,11.5M,11.8M,12.1M,12.4M,12.8M,13.1M,13.5M,13.8M,14.3M,14.7M,15.2M,15.6M,16.1M,16.7M,17.3M,17.9M,18.5M,19.1M,19.8M,20.5M,21.2M,21.9M,22.6M,23.2M,23.8M,24.4M,25M,25.6M,26.1M,26.7M,27.3M,27.9M,28.5M,29.1M,29.8M,30.4M,31.1M,31.9M,32.6M,33.4M,34.2M,35.1M,35.9M,36.7M,37.5M,38.3M,39.1M,39.9M
Zambia,557k,600k,645k,696k,762k,834k,913k,997k,1.09M,1.19M,1.27M,1.35M,1.44M,1.53M,1.62M,1.73M,1.83M,1.95M,2.07M,2.2M,2.33M,2.41M,2.49M,2.58M,2.66M,2.75M,2.83M,2.92M,3M,3.09M,3.17M,3.22M,3.25M,3.29M,3.33M,3.38M,3.42M,3.47M,3.52M,3.58M,3.62M,3.74M,3.89M,4.05M,4.21M,4.38M,4.55M,4.74M,4.93M,5.14M,5.35M,5.59M,5.84M,6.1M,6.37M,6.65M,6.94M,7.24M,7.55M,7.87M,8.2M
Zimbabwe,476k,501k,528k,567k,609k,654k,701k,752k,806k,863k,918k,978k,1.04M,1.11M,1.18M,1.25M,1.32M,1.4M,1.48M,1.56M,1.66M,1.76M,1.86M,1.99M,2.12M,2.26M,2.4M,2.55M,2.71M,2.87M,3.02M,3.18M,3.32M,3.43M,3.53M,3.62M,3.71M,3.79M,3.87M,3.94M,4.01M,4.07M,4.13M,4.13M,4.12M,4.12M,4.12M,4.14M,4.15M,4.18M,4.22M,4.26M,4.31M,4.36M,4.42M,4.47M,4.53M,4.59M,4.65M,4.72M,4.79M
